HP:0000016	Urinary retention	SYMP:0000557	urinary retention	false	
HP:0000016	Urinary retention	SYMP:0000557	urinary retention	true	
HP:0000017	Nocturia	SYMP:0000564	nocturia	false	
HP:0000017	Nocturia	SYMP:0000564	nocturia	true	
HP:0000020	Urinary incontinence	SYMP:0000492	urinary incontinence	false	
HP:0000020	Urinary incontinence	SYMP:0000492	urinary incontinence	true	
HP:0000024	Prostatitis	SYMP:0000364	prostate symptom	true	
HP:0000031	Epididymitis	SYMP:0000263	epididymitis	false	
HP:0000031	Epididymitis	SYMP:0000263	epididymitis	true	
HP:0000078	Abnormality of the genital system	SYMP:0000196	reproductive system symptom	false	
HP:0000079	Abnormality of the urinary system	SYMP:0000486	urinary system symptom	false	
HP:0000083	Renal insufficiency	SYMP:0000731	renal failure	false	
HP:0000083	Renal insufficiency	SYMP:0000731	renal failure	true	
HP:0000093	Proteinuria	SYMP:0000367	proteinuria	false	
HP:0000093	Proteinuria	SYMP:0000367	proteinuria	true	
HP:0000103	Polyuria	SYMP:0000565	polyuria	false	
HP:0000103	Polyuria	SYMP:0000565	polyuria	true	
HP:0000123	Nephritis	SYMP:0000098	nephritis	false	
HP:0000123	Nephritis	SYMP:0000098	nephritis	true	
HP:0000132	Menorrhagia	SYMP:0000756	menorrhagia	false	
HP:0000132	Menorrhagia	SYMP:0000756	menorrhagia	true	
HP:0000132	Menorrhagia	SYMP:0000854	hypermenorrhea	false	
HP:0000132	Menorrhagia	SYMP:0000854	hypermenorrhea	true	
HP:0000152	Abnormality of head or neck	SYMP:0000597	head and neck symptom	false	
HP:0000152	Abnormality of head or neck	SYMP:0000597	head and neck symptom	true	
HP:0000153	Abnormality of the mouth	SYMP:0000386	mouth symptom	false	
HP:0000153	Abnormality of the mouth	SYMP:0000386	mouth symptom	true	
HP:0000155	Oral ulcer	SYMP:0000330	mouth sore	false	
HP:0000155	Oral ulcer	SYMP:0000330	mouth sore	true	
HP:0000217	Xerostomia	SYMP:0000260	dry mouth	false	
HP:0000217	Xerostomia	SYMP:0000260	dry mouth	true	
HP:0000225	Gingival bleeding	SYMP:0000742	gum bleeding	false	
HP:0000225	Gingival bleeding	SYMP:0000742	gum bleeding	true	
HP:0000234	Abnormality of the head	SYMP:0000387	head symptom	false	
HP:0000234	Abnormality of the head	SYMP:0000387	head symptom	true	
HP:0000238	Hydrocephalus	SYMP:0000051	hydrocephalus	false	
HP:0000238	Hydrocephalus	SYMP:0000051	hydrocephalus	true	
HP:0000246	Sinusitis	SYMP:0000134	sinusitis	false	
HP:0000246	Sinusitis	SYMP:0000134	sinusitis	true	
HP:0000282	Facial edema	SYMP:0000748	facial edema	false	
HP:0000282	Facial edema	SYMP:0000748	facial edema	true	
HP:0000315	Abnormality of the orbital region	SYMP:0019163	eye symptom	false	
HP:0000360	Tinnitus	SYMP:0000393	tinnitus	false	
HP:0000360	Tinnitus	SYMP:0000393	tinnitus	true	
HP:0000365	Hearing impairment	SYMP:0000019	deafness	false	
HP:0000365	Hearing impairment	SYMP:0000019	deafness	true	
HP:0000366	Abnormality of the nose	SYMP:0000388	nose symptom	false	
HP:0000366	Abnormality of the nose	SYMP:0000388	nose symptom	true	
HP:0000421	Epistaxis	SYMP:0000448	epistaxis	false	
HP:0000421	Epistaxis	SYMP:0000448	epistaxis	true	
HP:0000464	Abnormality of the neck	SYMP:0000384	neck symptom	false	
HP:0000464	Abnormality of the neck	SYMP:0000384	neck symptom	true	
HP:0000473	Torticollis	SYMP:0000617	torticollis	false	
HP:0000473	Torticollis	SYMP:0000617	torticollis	true	
HP:0000478	Abnormality of the eye	SYMP:0019163	eye symptom	false	
HP:0000481	Abnormality of the cornea	SYMP:0000239	cornea symptom	false	
HP:0000481	Abnormality of the cornea	SYMP:0000239	cornea symptom	true	
HP:0000491	Keratitis	SYMP:0000314	keratitis	false	
HP:0000491	Keratitis	SYMP:0000314	keratitis	true	
HP:0000495	Recurrent corneal erosions	SYMP:0000241	corneal ulcers	true	
HP:0000504	Abnormality of vision	SYMP:0000320	vision symptom	false	
HP:0000504	Abnormality of vision	SYMP:0000320	vision symptom	true	
HP:0000508	Ptosis	SYMP:0000369	ptosis	false	
HP:0000509	Conjunctivitis	SYMP:0000128	conjunctivitis	false	
HP:0000509	Conjunctivitis	SYMP:0000128	conjunctivitis	true	
HP:0000572	Visual loss	SYMP:0000321	loss of vision	false	
HP:0000572	Visual loss	SYMP:0000321	loss of vision	true	
HP:0000597	Ophthalmoparesis	SYMP:0000341	ophthalmoplegia	false	
HP:0000597	Ophthalmoparesis	SYMP:0000341	ophthalmoplegia	true	
HP:0000597	Ophthalmoparesis	SYMP:0000658	extraocular muscles paralysis	true	
HP:0000598	Abnormality of the ear	SYMP:0000392	ear symptom	false	
HP:0000598	Abnormality of the ear	SYMP:0000392	ear symptom	true	
HP:0000602	Ophthalmoplegia	SYMP:0000341	ophthalmoplegia	false	
HP:0000602	Ophthalmoplegia	SYMP:0000341	ophthalmoplegia	true	
HP:0000613	Photophobia	SYMP:0000210	photophobia	false	
HP:0000613	Photophobia	SYMP:0000210	photophobia	true	
HP:0000615	Abnormality of the pupil	SYMP:0000417	pupil symptom	false	
HP:0000615	Abnormality of the pupil	SYMP:0000417	pupil symptom	true	
HP:0000616	Miosis	SYMP:0000419	miosis	false	
HP:0000618	Blindness	SYMP:0000008	blindness	false	
HP:0000618	Blindness	SYMP:0000008	blindness	true	
HP:0000639	Nystagmus	SYMP:0000338	nystagmus	false	
HP:0000639	Nystagmus	SYMP:0000338	nystagmus	true	
HP:0000651	Diplopia	SYMP:0000258	double vision	false	
HP:0000651	Diplopia	SYMP:0000258	double vision	true	
HP:0000707	Abnormality of the nervous system	SYMP:0000480	nervous system symptom	false	
HP:0000708	Behavioral abnormality	SYMP:0000666	abnormal behavior	true	
HP:0000716	Depression	SYMP:0000022	depression	false	
HP:0000716	Depression	SYMP:0000022	depression	true	
HP:0000718	Aggressive behavior	SYMP:0000681	aggressive behavior	false	
HP:0000718	Aggressive behavior	SYMP:0000681	aggressive behavior	true	
HP:0000737	Irritability	SYMP:0000654	irritability	false	
HP:0000737	Irritability	SYMP:0000654	irritability	true	
HP:0000738	Hallucinations	SYMP:0000607	hallucination	false	
HP:0000738	Hallucinations	SYMP:0000607	hallucination	true	
HP:0000739	Anxiety	SYMP:0000412	anxiety	false	
HP:0000777	Abnormality of the thymus	SYMP:0000157	thymus symptom	false	
HP:0000789	Infertility	SYMP:0000712	infertility	false	
HP:0000789	Infertility	SYMP:0000712	infertility	true	
HP:0000790	Hematuria	SYMP:0000040	hematuria	false	
HP:0000790	Hematuria	SYMP:0000040	hematuria	true	
HP:0000802	Impotence	SYMP:0000427	impotence	false	
HP:0000802	Impotence	SYMP:0000427	impotence	true	
HP:0000820	Abnormality of the thyroid gland	SYMP:0000390	thyroid symptom	false	
HP:0000820	Abnormality of the thyroid gland	SYMP:0000390	thyroid symptom	true	
HP:0000952	Jaundice	SYMP:0000539	jaundice	false	
HP:0000952	Jaundice	SYMP:0000539	jaundice	true	
HP:0000961	Cyanosis	SYMP:0000537	cyanosis	false	
HP:0000961	Cyanosis	SYMP:0000537	cyanosis	true	
HP:0000964	Eczema	SYMP:0000289	eczema	false	
HP:0000967	Petechiae	SYMP:0000760	petechiae	false	
HP:0000967	Petechiae	SYMP:0000760	petechiae	true	
HP:0000969	Edema	SYMP:0000538	edema	false	
HP:0000975	Hyperhidrosis	SYMP:0019152	diaphoresis	false	
HP:0000975	Hyperhidrosis	SYMP:0019152	diaphoresis	true	
HP:0000980	Pallor	SYMP:0000510	pallor	false	
HP:0000980	Pallor	SYMP:0000510	pallor	true	
HP:0000988	Skin rash	SYMP:0000487	rash	false	
HP:0000988	Skin rash	SYMP:0000487	rash	true	
HP:0000989	Pruritus	SYMP:0000432	itching	false	
HP:0000989	Pruritus	SYMP:0000432	itching	true	
HP:0001025	Urticaria	SYMP:0000434	urticaria	false	
HP:0001025	Urticaria	SYMP:0000434	urticaria	true	
HP:0001250	Seizures	SYMP:0000124	seizure	false	
HP:0001251	Ataxia	SYMP:0000005	ataxia	false	
HP:0001254	Lethargy	SYMP:0000075	lethargy	false	
HP:0001254	Lethargy	SYMP:0000075	lethargy	true	
HP:0001257	Spasticity	SYMP:0000141	spasticity	false	
HP:0001257	Spasticity	SYMP:0000141	spasticity	true	
HP:0001259	Coma	SYMP:0000605	coma	false	
HP:0001260	Dysarthria	SYMP:0000414	dysarthria	false	
HP:0001260	Dysarthria	SYMP:0000414	dysarthria	true	
HP:0001262	Somnolence	SYMP:0000024	drowsiness	false	
HP:0001262	Somnolence	SYMP:0000024	drowsiness	true	
HP:0001263	Global developmental delay	SYMP:0000466	delayed milestones	false	
HP:0001263	Global developmental delay	SYMP:0000466	delayed milestones	true	
HP:0001269	Hemiparesis	SYMP:0000293	hemiparesis	false	
HP:0001269	Hemiparesis	SYMP:0000293	hemiparesis	true	
HP:0001279	Syncope	SYMP:0000407	syncope	false	
HP:0001279	Syncope	SYMP:0000445	faint	false	
HP:0001281	Tetany	SYMP:0000619	tetany	false	
HP:0001284	Areflexia	SYMP:0000220	areflexia	false	
HP:0001284	Areflexia	SYMP:0000220	areflexia	true	
HP:0001287	Meningitis	SYMP:0019173	meningitis	false	
HP:0001287	Meningitis	SYMP:0019173	meningitis	true	
HP:0001288	Gait disturbance	SYMP:0000479	abnormality of gait	false	
HP:0001288	Gait disturbance	SYMP:0000479	abnormality of gait	true	
HP:0001289	Confusion	SYMP:0000016	confusion	false	
HP:0001289	Confusion	SYMP:0000016	confusion	true	
HP:0001289	Confusion	SYMP:0000023	disorientation	false	
HP:0001289	Confusion	SYMP:0000023	disorientation	true	
HP:0001297	Stroke	SYMP:0000734	stroke	false	
HP:0001297	Stroke	SYMP:0000734	stroke	true	
HP:0001324	Muscle weakness	SYMP:0000094	muscle weakness	false	
HP:0001324	Muscle weakness	SYMP:0000094	muscle weakness	true	
HP:0001337	Tremor	SYMP:0000162	tremor	false	
HP:0001347	Hyperreflexia	SYMP:0000058	hyperreflexia	false	
HP:0001347	Hyperreflexia	SYMP:0000058	hyperreflexia	true	
HP:0001350	Slurred speech	SYMP:0000342	slurred speech	false	
HP:0001350	Slurred speech	SYMP:0000342	slurred speech	true	
HP:0001369	Arthritis	SYMP:0019169	arthritis	false	
HP:0001369	Arthritis	SYMP:0019169	arthritis	true	
HP:0001392	Abnormality of the liver	SYMP:0000180	liver symptom	false	
HP:0001392	Abnormality of the liver	SYMP:0000180	liver symptom	true	
HP:0001433	Hepatosplenomegaly	SYMP:0000047	hepatosplenomegaly	false	
HP:0001433	Hepatosplenomegaly	SYMP:0000047	hepatosplenomegaly	true	
HP:0001508	Failure to thrive	SYMP:0000465	failure to thrive	false	
HP:0001508	Failure to thrive	SYMP:0000465	failure to thrive	true	
HP:0001518	Small for gestational age	SYMP:0000322	low birth weight	false	
HP:0001518	Small for gestational age	SYMP:0000322	low birth weight	true	
HP:0001541	Ascites	SYMP:0000526	ascites	false	
HP:0001596	Alopecia	SYMP:0000440	hair loss	false	
HP:0001596	Alopecia	SYMP:0000440	hair loss	true	
HP:0001609	Hoarse voice	SYMP:0000298	hoarse voice	false	
HP:0001609	Hoarse voice	SYMP:0000298	hoarse voice	true	
HP:0001609	Hoarse voice	SYMP:0019181	hoarseness	false	
HP:0001609	Hoarse voice	SYMP:0019181	hoarseness	true	
HP:0001612	Weak cry	SYMP:0000400	weak cry	false	
HP:0001612	Weak cry	SYMP:0000400	weak cry	true	
HP:0001618	Dysphonia	SYMP:0000704	dysphonia	false	
HP:0001618	Dysphonia	SYMP:0000704	dysphonia	true	
HP:0001626	Abnormality of the cardiovascular system	SYMP:0000528	cardiovascular system symptom	false	
HP:0001626	Abnormality of the cardiovascular system	SYMP:0000528	cardiovascular system symptom	true	
HP:0001635	Congestive heart failure	SYMP:0000292	heart failure	false	
HP:0001635	Congestive heart failure	SYMP:0000292	heart failure	true	
HP:0001649	Tachycardia	SYMP:0000529	tachycardia	false	
HP:0001649	Tachycardia	SYMP:0000529	tachycardia	true	
HP:0001662	Bradycardia	SYMP:0000231	bradycardia	false	
HP:0001662	Bradycardia	SYMP:0000231	bradycardia	true	
HP:0001688	Sinus bradycardia	SYMP:0000823	sinus bradycardia	false	
HP:0001688	Sinus bradycardia	SYMP:0000823	sinus bradycardia	true	
HP:0001698	Pericardial effusion	SYMP:0000876	pericardial effusion	false	
HP:0001698	Pericardial effusion	SYMP:0000876	pericardial effusion	true	
HP:0001742	Nasal obstruction	SYMP:0000237	congestion	false	
HP:0001742	Nasal obstruction	SYMP:0000237	congestion	true	
HP:0001742	Nasal obstruction	SYMP:0000869	nasal congestion	false	
HP:0001742	Nasal obstruction	SYMP:0000869	nasal congestion	true	
HP:0001743	Abnormality of the spleen	SYMP:0000158	spleen symptom	false	
HP:0001743	Abnormality of the spleen	SYMP:0000158	spleen symptom	true	
HP:0001744	Splenomegaly	SYMP:0000531	splenomegaly	false	
HP:0001744	Splenomegaly	SYMP:0000531	splenomegaly	true	
HP:0001824	Weight loss	SYMP:0000178	weight loss	false	
HP:0001824	Weight loss	SYMP:0000178	weight loss	true	
HP:0001824	Weight loss	SYMP:0000476	loss of weight	false	
HP:0001824	Weight loss	SYMP:0000476	loss of weight	true	
HP:0001871	Abnormality of blood and blood-forming tissues	SYMP:0019140	hematopoietic system symptom	false	
HP:0001873	Thrombocytopenia	SYMP:0000114	thrombocytopenia	false	
HP:0001873	Thrombocytopenia	SYMP:0000114	thrombocytopenia	true	
HP:0001878	Hemolytic anemia	SYMP:0000631	hemolytic anemia	false	
HP:0001878	Hemolytic anemia	SYMP:0000631	hemolytic anemia	true	
HP:0001882	Leukopenia	SYMP:0000317	leukopenia	false	
HP:0001882	Leukopenia	SYMP:0000317	leukopenia	true	
HP:0001888	Lymphopenia	SYMP:0000086	lymphopenia	false	
HP:0001888	Lymphopenia	SYMP:0000086	lymphopenia	true	
HP:0001903	Anemia	SYMP:0000208	anemia	false	
HP:0001919	Acute kidney injury	SYMP:0000623	acute renal failure	false	
HP:0001919	Acute kidney injury	SYMP:0000623	acute renal failure	true	
HP:0001923	Reticulocytosis	SYMP:0000425	reticulocytosis	false	
HP:0001923	Reticulocytosis	SYMP:0000425	reticulocytosis	true	
HP:0001937	Microangiopathic hemolytic anemia	SYMP:0000720	microangiopathic hemolytic anemia	false	
HP:0001937	Microangiopathic hemolytic anemia	SYMP:0000720	microangiopathic hemolytic anemia	true	
HP:0001944	Dehydration	SYMP:0000020	dehydration	false	
HP:0001944	Dehydration	SYMP:0000020	dehydration	true	
HP:0001945	Fever	SYMP:0000409	hyperthermia	false	
HP:0001945	Fever	SYMP:0000409	hyperthermia	true	
HP:0001945	Fever	SYMP:0000613	fever	false	
HP:0001954	Episodic fever	SYMP:0000243	cyclic fever	false	
HP:0001954	Episodic fever	SYMP:0000243	cyclic fever	true	
HP:0001959	Polydipsia	SYMP:0000560	polydipsia	false	
HP:0001959	Polydipsia	SYMP:0000560	polydipsia	true	
HP:0001962	Palpitations	SYMP:0000530	palpitation	true	
HP:0001974	Leukocytosis	SYMP:0000634	leukocytosis	false	
HP:0001974	Leukocytosis	SYMP:0000634	leukocytosis	true	
HP:0002013	Vomiting	SYMP:0019145	vomiting	false	
HP:0002013	Vomiting	SYMP:0019145	vomiting	true	
HP:0002014	Diarrhea	SYMP:0000570	diarrhea	false	
HP:0002014	Diarrhea	SYMP:0000570	diarrhea	true	
HP:0002015	Dysphagia	SYMP:0000493	dysphagia	false	
HP:0002015	Dysphagia	SYMP:0000493	dysphagia	true	
HP:0002018	Nausea	SYMP:0000458	nausea	false	
HP:0002019	Constipation	SYMP:0019180	constipation	false	
HP:0002019	Constipation	SYMP:0019180	constipation	true	
HP:0002020	Gastroesophageal reflux	SYMP:0000423	pyrosis	false	
HP:0002020	Gastroesophageal reflux	SYMP:0000423	pyrosis	true	
HP:0002020	Gastroesophageal reflux	SYMP:0000439	heartburn	false	
HP:0002020	Gastroesophageal reflux	SYMP:0000439	heartburn	true	
HP:0002027	Abdominal pain	SYMP:0000457	abdominal pain	false	
HP:0002027	Abdominal pain	SYMP:0000457	abdominal pain	true	
HP:0002039	Anorexia	SYMP:0000523	anorexia	false	
HP:0002039	Anorexia	SYMP:0000523	anorexia	true	
HP:0002045	Hypothermia	SYMP:0000302	hypothermia	false	
HP:0002045	Hypothermia	SYMP:0000302	hypothermia	true	
HP:0002067	Bradykinesia	SYMP:0000673	bradykinesia	false	
HP:0002067	Bradykinesia	SYMP:0000673	bradykinesia	true	
HP:0002069	Generalized tonic-clonic seizures	SYMP:0000268	tonic-clonic seizure	true	
HP:0002086	Abnormality of the respiratory system	SYMP:0000598	respiratory abnormality	false	
HP:0002086	Abnormality of the respiratory system	SYMP:0000598	respiratory abnormality	true	
HP:0002090	Pneumonia	SYMP:0019168	pneumonia	false	
HP:0002090	Pneumonia	SYMP:0019168	pneumonia	true	
HP:0002094	Dyspnea	SYMP:0019153	dyspnea	false	
HP:0002094	Dyspnea	SYMP:0019153	dyspnea	true	
HP:0002104	Apnea	SYMP:0000600	apnea	false	
HP:0002105	Hemoptysis	SYMP:0000517	hemoptysis	false	
HP:0002105	Hemoptysis	SYMP:0000517	hemoptysis	true	
HP:0002121	Absence seizures	SYMP:0000265	absence seizure	true	
HP:0002123	Generalized myoclonic seizures	SYMP:0000272	myoclonic seizure	true	
HP:0002179	Opisthotonus	SYMP:0000637	opisthotonus	false	
HP:0002179	Opisthotonus	SYMP:0000637	opisthotonus	true	
HP:0002197	Generalized seizures	SYMP:0000267	generalized seizure	true	
HP:0002202	Pleural effusion	SYMP:0000107	pleural effusion	false	
HP:0002202	Pleural effusion	SYMP:0000107	pleural effusion	true	
HP:0002203	Respiratory paralysis	SYMP:0000371	respiratory paralysis	false	
HP:0002203	Respiratory paralysis	SYMP:0000371	respiratory paralysis	true	
HP:0002239	Gastrointestinal hemorrhage	SYMP:0000867	gastrointestinal bleeding	false	
HP:0002239	Gastrointestinal hemorrhage	SYMP:0000867	gastrointestinal bleeding	true	
HP:0002240	Hepatomegaly	SYMP:0000460	hepatomegaly	false	
HP:0002240	Hepatomegaly	SYMP:0000460	hepatomegaly	true	
HP:0002248	Hematemesis	SYMP:0019147	hematemesis	false	
HP:0002248	Hematemesis	SYMP:0019147	hematemesis	true	
HP:0002249	Melena	SYMP:0000323	melena	false	
HP:0002300	Mutism	SYMP:0000216	inability to speak	false	
HP:0002300	Mutism	SYMP:0000216	inability to speak	true	
HP:0002311	Incoordination	SYMP:0000164	incoordination	false	
HP:0002311	Incoordination	SYMP:0000164	incoordination	true	
HP:0002315	Headache	SYMP:0000504	headache	false	
HP:0002315	Headache	SYMP:0000504	headache	true	
HP:0002321	Vertigo	SYMP:0000399	vertigo	false	
HP:0002321	Vertigo	SYMP:0000610	dizziness	false	
HP:0002321	Vertigo	SYMP:0000610	dizziness	true	
HP:0002329	Drowsiness	SYMP:0000024	drowsiness	false	
HP:0002329	Drowsiness	SYMP:0000024	drowsiness	true	
HP:0002349	Focal seizures without impairment of consciousness or awareness	SYMP:0000270	simple partial seizure	true	
HP:0002354	Memory impairment	SYMP:0000543	memory loss	false	
HP:0002354	Memory impairment	SYMP:0000543	memory loss	true	
HP:0002354	Memory impairment	SYMP:0000719	memory impairment	false	
HP:0002354	Memory impairment	SYMP:0000719	memory impairment	true	
HP:0002360	Sleep disturbance	SYMP:0000566	sleep disturbance	false	
HP:0002360	Sleep disturbance	SYMP:0000566	sleep disturbance	true	
HP:0002373	Febrile seizures	SYMP:0000595	febrile convulsion	true	
HP:0002375	Hypokinesia	SYMP:0000858	hypokinesia	false	
HP:0002375	Hypokinesia	SYMP:0000858	hypokinesia	true	
HP:0002380	Fasciculations	SYMP:0000394	muscle twitching	true	
HP:0002381	Aphasia	SYMP:0000508	aphasia	false	
HP:0002383	Encephalitis	SYMP:0000090	encephalitis	false	
HP:0002383	Encephalitis	SYMP:0000090	encephalitis	true	
HP:0002384	Focal seizures with impairment of consciousness or awareness	SYMP:0000271	complex partial seizure	true	
HP:0002427	Motor aphasia	SYMP:0000705	expressive aphasia	false	
HP:0002427	Motor aphasia	SYMP:0000705	expressive aphasia	true	
HP:0002524	Cataplexy	SYMP:0000408	cataplexy	false	
HP:0002524	Cataplexy	SYMP:0000408	cataplexy	true	
HP:0002533	Abnormal posturing	SYMP:0000618	abnormal posture	true	
HP:0002570	Steatorrhea	SYMP:0000147	steatorrhea	false	
HP:0002570	Steatorrhea	SYMP:0000147	steatorrhea	true	
HP:0002573	Hematochezia	SYMP:0000421	hematochezia	false	
HP:0002573	Hematochezia	SYMP:0000421	hematochezia	true	
HP:0002573	Hematochezia	SYMP:0000639	rectorrhagia	false	
HP:0002573	Hematochezia	SYMP:0000639	rectorrhagia	true	
HP:0002584	Intestinal bleeding	SYMP:0000063	intestinal hemorrhage	false	
HP:0002584	Intestinal bleeding	SYMP:0000063	intestinal hemorrhage	true	
HP:0002586	Peritonitis	SYMP:0000102	peritonitis	false	
HP:0002586	Peritonitis	SYMP:0000102	peritonitis	true	
HP:0002591	Polyphagia	SYMP:0000246	increased appetite	false	
HP:0002591	Polyphagia	SYMP:0000246	increased appetite	true	
HP:0002591	Polyphagia	SYMP:0000524	polyphagia	false	
HP:0002591	Polyphagia	SYMP:0000524	polyphagia	true	
HP:0002605	Hepatic necrosis	SYMP:0000045	hepatic necrosis	false	
HP:0002605	Hepatic necrosis	SYMP:0000045	hepatic necrosis	true	
HP:0002607	Bowel incontinence	SYMP:0000570	diarrhea	false	
HP:0002607	Bowel incontinence	SYMP:0000570	diarrhea	true	
HP:0002615	Hypotension	SYMP:0000059	hypotension	false	
HP:0002615	Hypotension	SYMP:0000059	hypotension	true	
HP:0002615	Hypotension	SYMP:0000692	low blood pressure	false	
HP:0002615	Hypotension	SYMP:0000692	low blood pressure	true	
HP:0002615	Hypotension	SYMP:0000893	hypotensive	true	
HP:0002633	Vasculitis	SYMP:0000153	vasculitis	false	
HP:0002633	Vasculitis	SYMP:0000153	vasculitis	true	
HP:0002715	Abnormality of the immune system	SYMP:0019138	immune system symptom	false	
HP:0002716	Lymphadenopathy	SYMP:0000521	enlargement of lymph nodes	false	
HP:0002716	Lymphadenopathy	SYMP:0000521	enlargement of lymph nodes	true	
HP:0002716	Lymphadenopathy	SYMP:0019142	adenopathy	false	
HP:0002716	Lymphadenopathy	SYMP:0019142	adenopathy	true	
HP:0002789	Tachypnea	SYMP:0000603	tachypnea	false	
HP:0002789	Tachypnea	SYMP:0000603	tachypnea	true	
HP:0002791	Hypoventilation	SYMP:0000428	hypoventilation	false	
HP:0002791	Hypoventilation	SYMP:0000428	hypoventilation	true	
HP:0002829	Arthralgia	SYMP:0000064	joint pain	false	
HP:0002829	Arthralgia	SYMP:0000064	joint pain	true	
HP:0002840	Lymphadenitis	SYMP:0019155	lymphadenitis	false	
HP:0002840	Lymphadenitis	SYMP:0019155	lymphadenitis	true	
HP:0002878	Respiratory failure	SYMP:0000643	respiratory failure	false	
HP:0002878	Respiratory failure	SYMP:0000643	respiratory failure	true	
HP:0002880	Respiratory difficulties	SYMP:0019153	dyspnea	true	
HP:0002883	Hyperventilation	SYMP:0000601	hyperventilation	false	
HP:0002883	Hyperventilation	SYMP:0000601	hyperventilation	true	
HP:0002883	Hyperventilation	SYMP:0000683	tachypnoea	false	
HP:0002883	Hyperventilation	SYMP:0000683	tachypnoea	true	
HP:0002902	Hyponatremia	SYMP:0019146	hyponatremia	false	
HP:0002902	Hyponatremia	SYMP:0019146	hyponatremia	true	
HP:0003256	Abnormality of the coagulation cascade	SYMP:0019143	coagulopathy	false	
HP:0003256	Abnormality of the coagulation cascade	SYMP:0019143	coagulopathy	true	
HP:0003270	Abdominal distention	SYMP:0000002	abdominal distention	false	
HP:0003270	Abdominal distention	SYMP:0000002	abdominal distention	true	
HP:0003270	Abdominal distention	SYMP:0000478	abdominal swelling	false	
HP:0003270	Abdominal distention	SYMP:0000478	abdominal swelling	true	
HP:0003326	Myalgia	SYMP:0019161	muscle pain	false	
HP:0003326	Myalgia	SYMP:0019161	muscle pain	true	
HP:0003394	Muscle cramps	SYMP:0000093	muscle cramp	true	
HP:0003401	Paresthesia	SYMP:0000435	paresthesia	false	
HP:0003401	Paresthesia	SYMP:0000435	paresthesia	true	
HP:0003418	Back pain	SYMP:0000006	backache	false	
HP:0003418	Back pain	SYMP:0000006	backache	true	
HP:0003419	Low back pain	SYMP:0000635	low backache	false	
HP:0003419	Low back pain	SYMP:0000635	low backache	true	
HP:0003470	Paralysis	SYMP:0000030	paralysis	false	
HP:0003470	Paralysis	SYMP:0000030	paralysis	true	
HP:0003474	Sensory impairment	SYMP:0000834	hypoesthesia	false	
HP:0003474	Sensory impairment	SYMP:0000834	hypoesthesia	true	
HP:0003690	Limb muscle weakness	SYMP:0000222	limb weakness	false	
HP:0003690	Limb muscle weakness	SYMP:0000222	limb weakness	true	
HP:0003781	Excessive salivation	SYMP:0000277	excess salivation	true	
HP:0003826	Stillbirth	SYMP:0000849	stillbirth	false	
HP:0003826	Stillbirth	SYMP:0000849	stillbirth	true	
HP:0004322	Short stature	SYMP:0000568	short stature	false	
HP:0004322	Short stature	SYMP:0000568	short stature	true	
HP:0004324	Increased body weight	SYMP:0000403	weight gain	false	
HP:0004324	Increased body weight	SYMP:0000403	weight gain	true	
HP:0004326	Cachexia	SYMP:0000402	cachexia	false	
HP:0004326	Cachexia	SYMP:0000402	cachexia	true	
HP:0004756	Ventricular tachycardia	SYMP:0000827	ventricular tachycardia	false	
HP:0004756	Ventricular tachycardia	SYMP:0000827	ventricular tachycardia	true	
HP:0005110	Atrial fibrillation	SYMP:0000226	atrial fibrillation	false	
HP:0005110	Atrial fibrillation	SYMP:0000226	atrial fibrillation	true	
HP:0005268	Spontaneous abortion	SYMP:0000199	spontaneous abortion	false	
HP:0005268	Spontaneous abortion	SYMP:0000199	spontaneous abortion	true	
HP:0005986	Limitation of neck motion	SYMP:0000383	stiff neck	false	
HP:0005986	Limitation of neck motion	SYMP:0000383	stiff neck	true	
HP:0006688	Paroxysmal tachycardia	SYMP:0000825	paroxysmal tachycardia	false	
HP:0006688	Paroxysmal tachycardia	SYMP:0000825	paroxysmal tachycardia	true	
HP:0006824	Cranial nerve paralysis	SYMP:0000690	cranial nerve palsies	false	
HP:0006824	Cranial nerve paralysis	SYMP:0000690	cranial nerve palsies	true	
HP:0007185	Loss of consciousness	SYMP:0000718	loss of consciousness	false	
HP:0007185	Loss of consciousness	SYMP:0000718	loss of consciousness	true	
HP:0007209	Facial paralysis	SYMP:0000283	facial paralysis	false	
HP:0007209	Facial paralysis	SYMP:0000283	facial paralysis	true	
HP:0007340	Lower limb muscle weakness	SYMP:0000224	leg weakness	false	
HP:0007340	Lower limb muscle weakness	SYMP:0000224	leg weakness	true	
HP:0007359	Focal seizures	SYMP:0000266	focal seizure	true	
HP:0007430	Generalized edema	SYMP:0000433	anasarca	false	
HP:0007430	Generalized edema	SYMP:0000433	anasarca	true	
HP:0007759	Opacification of the corneal stroma	SYMP:0000234	cloudy cornea	false	
HP:0007759	Opacification of the corneal stroma	SYMP:0000234	cloudy cornea	true	
HP:0007957	Corneal opacity	SYMP:0000240	corneal opacity	false	
HP:0007957	Corneal opacity	SYMP:0000240	corneal opacity	true	
HP:0008066	Abnormal blistering of the skin	SYMP:0000009	blister	true	
HP:0008775	Abnormality of the prostate	SYMP:0000364	prostate symptom	false	
HP:0009916	Anisocoria	SYMP:0000253	anisocoria	false	
HP:0009916	Anisocoria	SYMP:0000253	anisocoria	true	
HP:0010307	Stridor	SYMP:0000513	stridor	false	
HP:0010523	Alexia	SYMP:0000621	alexia	false	
HP:0010535	Sleep apnea	SYMP:0000581	sleep apnea	false	
HP:0010535	Sleep apnea	SYMP:0000581	sleep apnea	true	
HP:0010550	Paraplegia	SYMP:0000349	paraplegia	false	
HP:0010550	Paraplegia	SYMP:0000349	paraplegia	true	
HP:0010628	Facial palsy	SYMP:0000706	facial weakness	false	
HP:0010628	Facial palsy	SYMP:0000706	facial weakness	true	
HP:0010677	Enuresis nocturna	SYMP:0000606	nocturnal enuresis	false	
HP:0010677	Enuresis nocturna	SYMP:0000606	nocturnal enuresis	true	
HP:0010702	Increased antibody level in blood	SYMP:0000054	hypergammaglobulinemia	false	
HP:0010702	Increased antibody level in blood	SYMP:0000054	hypergammaglobulinemia	true	
HP:0010783	Erythema	SYMP:0000487	rash	false	
HP:0010783	Erythema	SYMP:0000487	rash	true	
HP:0010783	Erythema	SYMP:0000511	flushing	false	
HP:0010783	Erythema	SYMP:0000511	flushing	true	
HP:0010819	Atonic seizures	SYMP:0000275	atonic seizure	true	
HP:0010831	Impaired proprioception	SYMP:0000247	proprioception symptom	false	
HP:0011134	Low-grade fever	SYMP:0000879	low-grade fever	false	
HP:0011134	Low-grade fever	SYMP:0000879	low-grade fever	true	
HP:0011134	Low-grade fever	SYMP:0000881	mild fever	false	
HP:0011134	Low-grade fever	SYMP:0000881	mild fever	true	
HP:0011443	Abnormality of coordination	SYMP:0000079	coordination symptom	false	
HP:0011458	Abdominal symptom	SYMP:0000461	abdominal symptom	false	
HP:0011458	Abdominal symptom	SYMP:0000461	abdominal symptom	true	
HP:0011468	Facial tics	SYMP:0000395	facial muscle twitching	true	
HP:0011499	Mydriasis	SYMP:0000254	dilated pupil	false	
HP:0011499	Mydriasis	SYMP:0000254	dilated pupil	true	
HP:0011499	Mydriasis	SYMP:0000396	mydriasis	false	
HP:0011499	Mydriasis	SYMP:0000396	mydriasis	true	
HP:0011675	Arrhythmia	SYMP:0000287	arrhythmia	false	
HP:0011675	Arrhythmia	SYMP:0000287	arrhythmia	true	
HP:0011703	Sinus tachycardia	SYMP:0000826	sinus tachycardia	false	
HP:0011703	Sinus tachycardia	SYMP:0000826	sinus tachycardia	true	
HP:0011950	Bronchiolitis	SYMP:0000232	bronchiolitis	false	
HP:0011950	Bronchiolitis	SYMP:0000232	bronchiolitis	true	
HP:0011968	Feeding difficulties	SYMP:0000355	poor feeding	false	
HP:0011968	Feeding difficulties	SYMP:0000355	poor feeding	true	
HP:0012050	Anasarca	SYMP:0000433	anasarca	false	
HP:0012050	Anasarca	SYMP:0000433	anasarca	true	
HP:0012115	Hepatitis	SYMP:0000046	hepatitis	false	
HP:0012115	Hepatitis	SYMP:0000046	hepatitis	true	
HP:0012115	Hepatitis	SYMP:0000125	liver inflammation	false	
HP:0012115	Hepatitis	SYMP:0000125	liver inflammation	true	
HP:0012196	Cheyne-Stokes respiration	SYMP:0000599	cheyne-stokes respiration	false	
HP:0012196	Cheyne-Stokes respiration	SYMP:0000599	cheyne-stokes respiration	true	
HP:0012378	Fatigue	SYMP:0019177	fatigue	false	
HP:0012384	Rhinitis	SYMP:0000121	rhinitis	false	
HP:0012384	Rhinitis	SYMP:0000121	rhinitis	true	
HP:0012387	Bronchitis	SYMP:0000324	bronchitis	false	
HP:0012387	Bronchitis	SYMP:0000324	bronchitis	true	
HP:0012418	Hypoxemia	SYMP:0000303	hypoxemia	false	
HP:0012418	Hypoxemia	SYMP:0000303	hypoxemia	true	
HP:0012531	Pain	SYMP:0000099	pain	false	
HP:0012532	Chronic pain	SYMP:0000837	chronic pain	false	
HP:0012532	Chronic pain	SYMP:0000837	chronic pain	true	
HP:0012533	Allodynia	SYMP:0000840	allodynia	false	
HP:0012533	Allodynia	SYMP:0000840	allodynia	true	
HP:0012587	Macroscopic hematuria	SYMP:0000851	gross hematuria	false	
HP:0012587	Macroscopic hematuria	SYMP:0000851	gross hematuria	true	
HP:0012702	Tenesmus	SYMP:0000648	tenesmus	false	
HP:0012702	Tenesmus	SYMP:0000648	tenesmus	true	
HP:0012735	Cough	SYMP:0000614	cough	false	
HP:0012735	Cough	SYMP:0000614	cough	true	
HP:0012764	Orthopnea	SYMP:0000602	orthopnea	false	
HP:0012764	Orthopnea	SYMP:0000602	orthopnea	true	
HP:0012804	Corneal ulceration	SYMP:0000241	corneal ulcers	true	
HP:0012819	Myocarditis	SYMP:0000095	myocarditis	false	
HP:0012819	Myocarditis	SYMP:0000095	myocarditis	true	
HP:0012837	Generalized	SYMP:0000567	general symptom	true	
HP:0030016	Dyspareunia	SYMP:0000404	dyspareunia	false	
HP:0030016	Dyspareunia	SYMP:0000404	dyspareunia	true	
HP:0030017	Vaginismus	SYMP:0000405	vaginismus	false	
HP:0030017	Vaginismus	SYMP:0000405	vaginismus	true	
HP:0030142	Abnormal bowel sounds	SYMP:0000489	abnormal bowel sound	true	
HP:0030149	Cardiogenic shock	SYMP:0000449	cardiogenic shock	false	
HP:0030149	Cardiogenic shock	SYMP:0000449	cardiogenic shock	true	
HP:0030150	Plasmacytosis	SYMP:0000106	plasmacytosis	false	
HP:0030150	Plasmacytosis	SYMP:0000106	plasmacytosis	true	
HP:0030166	Night sweats	SYMP:0000337	night sweats	false	
HP:0030166	Night sweats	SYMP:0000337	night sweats	true	
HP:0030784	Anomia	SYMP:0000214	anomia	false	
HP:0030784	Anomia	SYMP:0000214	anomia	true	
HP:0030828	Wheezing	SYMP:0000604	wheezing	false	
HP:0030828	Wheezing	SYMP:0000604	wheezing	true	
HP:0030830	Rales	SYMP:0000118	rales	false	
HP:0030833	Neck pain	SYMP:0000829	neck pain	false	
HP:0030833	Neck pain	SYMP:0000829	neck pain	true	
HP:0030834	Shoulder pain	SYMP:0000443	shoulder pain	false	
HP:0030834	Shoulder pain	SYMP:0000443	shoulder pain	true	
HP:0030835	Elbow pain	SYMP:0000441	elbow pain	false	
HP:0030835	Elbow pain	SYMP:0000441	elbow pain	true	
HP:0030838	Hip pain	SYMP:0000632	hip pain	false	
HP:0030838	Hip pain	SYMP:0000632	hip pain	true	
HP:0030839	Knee pain	SYMP:0000442	knee pain	false	
HP:0030839	Knee pain	SYMP:0000442	knee pain	true	
HP:0100518	Dysuria	SYMP:0000485	dysuria	false	
HP:0100519	Anuria	SYMP:0000852	anuria	false	
HP:0100520	Oliguria	SYMP:0000569	oliguria	false	
HP:0100520	Oliguria	SYMP:0000569	oliguria	true	
HP:0100523	Liver abscess	SYMP:0000295	hepatic abscess	false	
HP:0100523	Liver abscess	SYMP:0000295	hepatic abscess	true	
HP:0100540	Palpebral edema	SYMP:0000344	palpebral edema	false	
HP:0100540	Palpebral edema	SYMP:0000344	palpebral edema	true	
HP:0100576	Amaurosis fugax	SYMP:0000415	amaurosis fugax	false	
HP:0100576	Amaurosis fugax	SYMP:0000415	amaurosis fugax	true	
HP:0100584	Endocarditis	SYMP:0000262	endocarditis	false	
HP:0100584	Endocarditis	SYMP:0000262	endocarditis	true	
HP:0100598	Pulmonary edema	SYMP:0019151	pulmonary edema	false	
HP:0100598	Pulmonary edema	SYMP:0019151	pulmonary edema	true	
HP:0100608	Metrorrhagia	SYMP:0000855	metrorrhagia	false	
HP:0100608	Metrorrhagia	SYMP:0000855	metrorrhagia	true	
HP:0100646	Thyroiditis	SYMP:0000390	thyroid symptom	true	
HP:0100658	Cellulitis	SYMP:0000000	cellulitis	false	
HP:0100658	Cellulitis	SYMP:0000000	cellulitis	true	
HP:0100749	Chest pain	SYMP:0000576	chest pain	false	
HP:0100749	Chest pain	SYMP:0000576	chest pain	true	
HP:0100755	Abnormality of salivation	SYMP:0000373	salivation	false	
HP:0100758	Gangrene	SYMP:0000593	gangrene	false	
HP:0100758	Gangrene	SYMP:0000593	gangrene	true	
HP:0100759	Clubbing of fingers	SYMP:0000550	clubbing of fingers	false	
HP:0100759	Clubbing of fingers	SYMP:0000550	clubbing of fingers	true	
HP:0100763	Abnormality of the lymphatic system	SYMP:0019141	lymphatic system symptom	false	
HP:0100769	Synovitis	SYMP:0000646	synovitis	false	
HP:0100769	Synovitis	SYMP:0000646	synovitis	true	
HP:0100785	Insomnia	SYMP:0000571	insomnia	false	
HP:0100785	Insomnia	SYMP:0000571	insomnia	true	
HP:0100786	Hypersomnia	SYMP:0000582	hypersomnia	false	
HP:0100786	Hypersomnia	SYMP:0000582	hypersomnia	true	
HP:0100963	Hyperesthesia	SYMP:0000300	hyperesthesia	false	
HP:0100963	Hyperesthesia	SYMP:0000300	hyperesthesia	true	
HP:0200034	Papule	SYMP:0000346	papule	false	
HP:0200037	Skin vesicle	SYMP:0000009	blister	false	
HP:0200039	Pustule	SYMP:0019167	pustule	false	
HP:0200042	Skin ulcer	SYMP:0000136	skin ulcer	false	
HP:0200042	Skin ulcer	SYMP:0000136	skin ulcer	true	
HP:0200136	Oral-pharyngeal dysphagia	SYMP:0000493	dysphagia	false	
HP:0200136	Oral-pharyngeal dysphagia	SYMP:0000493	dysphagia	true	
SYMP:0000000	cellulitis	HP:0100658	Cellulitis	false	
SYMP:0000000	cellulitis	HP:0100658	Cellulitis	true	
SYMP:0000002	abdominal distention	HP:0003270	Abdominal distention	false	
SYMP:0000002	abdominal distention	HP:0003270	Abdominal distention	true	
SYMP:0000005	ataxia	HP:0001251	Ataxia	false	
SYMP:0000006	backache	HP:0003418	Back pain	false	
SYMP:0000006	backache	HP:0003418	Back pain	true	
SYMP:0000008	blindness	HP:0000618	Blindness	false	
SYMP:0000008	blindness	HP:0000618	Blindness	true	
SYMP:0000009	blister	HP:0008066	Abnormal blistering of the skin	true	
SYMP:0000009	blister	HP:0200037	Skin vesicle	false	
SYMP:0000016	confusion	HP:0001289	Confusion	false	
SYMP:0000016	confusion	HP:0001289	Confusion	true	
SYMP:0000019	deafness	HP:0000365	Hearing impairment	false	
SYMP:0000019	deafness	HP:0000365	Hearing impairment	true	
SYMP:0000020	dehydration	HP:0001944	Dehydration	false	
SYMP:0000020	dehydration	HP:0001944	Dehydration	true	
SYMP:0000022	depression	HP:0000716	Depression	false	
SYMP:0000022	depression	HP:0000716	Depression	true	
SYMP:0000023	disorientation	HP:0001289	Confusion	false	
SYMP:0000023	disorientation	HP:0001289	Confusion	true	
SYMP:0000024	drowsiness	HP:0001262	Somnolence	false	
SYMP:0000024	drowsiness	HP:0001262	Somnolence	true	
SYMP:0000024	drowsiness	HP:0002329	Drowsiness	false	
SYMP:0000024	drowsiness	HP:0002329	Drowsiness	true	
SYMP:0000030	paralysis	HP:0003470	Paralysis	false	
SYMP:0000030	paralysis	HP:0003470	Paralysis	true	
SYMP:0000040	hematuria	HP:0000790	Hematuria	false	
SYMP:0000040	hematuria	HP:0000790	Hematuria	true	
SYMP:0000045	hepatic necrosis	HP:0002605	Hepatic necrosis	false	
SYMP:0000045	hepatic necrosis	HP:0002605	Hepatic necrosis	true	
SYMP:0000046	hepatitis	HP:0012115	Hepatitis	false	
SYMP:0000046	hepatitis	HP:0012115	Hepatitis	true	
SYMP:0000047	hepatosplenomegaly	HP:0001433	Hepatosplenomegaly	false	
SYMP:0000047	hepatosplenomegaly	HP:0001433	Hepatosplenomegaly	true	
SYMP:0000051	hydrocephalus	HP:0000238	Hydrocephalus	false	
SYMP:0000051	hydrocephalus	HP:0000238	Hydrocephalus	true	
SYMP:0000054	hypergammaglobulinemia	HP:0010702	Increased antibody level in blood	false	
SYMP:0000054	hypergammaglobulinemia	HP:0010702	Increased antibody level in blood	true	
SYMP:0000058	hyperreflexia	HP:0001347	Hyperreflexia	false	
SYMP:0000058	hyperreflexia	HP:0001347	Hyperreflexia	true	
SYMP:0000059	hypotension	HP:0002615	Hypotension	false	
SYMP:0000059	hypotension	HP:0002615	Hypotension	true	
SYMP:0000063	intestinal hemorrhage	HP:0002584	Intestinal bleeding	false	
SYMP:0000063	intestinal hemorrhage	HP:0002584	Intestinal bleeding	true	
SYMP:0000064	joint pain	HP:0002829	Arthralgia	false	
SYMP:0000064	joint pain	HP:0002829	Arthralgia	true	
SYMP:0000075	lethargy	HP:0001254	Lethargy	false	
SYMP:0000075	lethargy	HP:0001254	Lethargy	true	
SYMP:0000079	coordination symptom	HP:0011443	Abnormality of coordination	false	
SYMP:0000086	lymphopenia	HP:0001888	Lymphopenia	false	
SYMP:0000086	lymphopenia	HP:0001888	Lymphopenia	true	
SYMP:0000090	encephalitis	HP:0002383	Encephalitis	false	
SYMP:0000090	encephalitis	HP:0002383	Encephalitis	true	
SYMP:0000093	muscle cramp	HP:0003394	Muscle cramps	true	
SYMP:0000094	muscle weakness	HP:0001324	Muscle weakness	false	
SYMP:0000094	muscle weakness	HP:0001324	Muscle weakness	true	
SYMP:0000095	myocarditis	HP:0012819	Myocarditis	false	
SYMP:0000095	myocarditis	HP:0012819	Myocarditis	true	
SYMP:0000098	nephritis	HP:0000123	Nephritis	false	
SYMP:0000098	nephritis	HP:0000123	Nephritis	true	
SYMP:0000099	pain	HP:0012531	Pain	false	
SYMP:0000102	peritonitis	HP:0002586	Peritonitis	false	
SYMP:0000102	peritonitis	HP:0002586	Peritonitis	true	
SYMP:0000106	plasmacytosis	HP:0030150	Plasmacytosis	false	
SYMP:0000106	plasmacytosis	HP:0030150	Plasmacytosis	true	
SYMP:0000107	pleural effusion	HP:0002202	Pleural effusion	false	
SYMP:0000107	pleural effusion	HP:0002202	Pleural effusion	true	
SYMP:0000114	thrombocytopenia	HP:0001873	Thrombocytopenia	false	
SYMP:0000114	thrombocytopenia	HP:0001873	Thrombocytopenia	true	
SYMP:0000118	rales	HP:0030830	Rales	false	
SYMP:0000121	rhinitis	HP:0012384	Rhinitis	false	
SYMP:0000121	rhinitis	HP:0012384	Rhinitis	true	
SYMP:0000124	seizure	HP:0001250	Seizures	false	
SYMP:0000125	liver inflammation	HP:0012115	Hepatitis	false	
SYMP:0000125	liver inflammation	HP:0012115	Hepatitis	true	
SYMP:0000128	conjunctivitis	HP:0000509	Conjunctivitis	false	
SYMP:0000128	conjunctivitis	HP:0000509	Conjunctivitis	true	
SYMP:0000134	sinusitis	HP:0000246	Sinusitis	false	
SYMP:0000134	sinusitis	HP:0000246	Sinusitis	true	
SYMP:0000136	skin ulcer	HP:0200042	Skin ulcer	false	
SYMP:0000136	skin ulcer	HP:0200042	Skin ulcer	true	
SYMP:0000141	spasticity	HP:0001257	Spasticity	false	
SYMP:0000141	spasticity	HP:0001257	Spasticity	true	
SYMP:0000147	steatorrhea	HP:0002570	Steatorrhea	false	
SYMP:0000147	steatorrhea	HP:0002570	Steatorrhea	true	
SYMP:0000153	vasculitis	HP:0002633	Vasculitis	false	
SYMP:0000153	vasculitis	HP:0002633	Vasculitis	true	
SYMP:0000157	thymus symptom	HP:0000777	Abnormality of the thymus	false	
SYMP:0000158	spleen symptom	HP:0001743	Abnormality of the spleen	false	
SYMP:0000158	spleen symptom	HP:0001743	Abnormality of the spleen	true	
SYMP:0000162	tremor	HP:0001337	Tremor	false	
SYMP:0000164	incoordination	HP:0002311	Incoordination	false	
SYMP:0000164	incoordination	HP:0002311	Incoordination	true	
SYMP:0000178	weight loss	HP:0001824	Weight loss	false	
SYMP:0000178	weight loss	HP:0001824	Weight loss	true	
SYMP:0000180	liver symptom	HP:0001392	Abnormality of the liver	false	
SYMP:0000180	liver symptom	HP:0001392	Abnormality of the liver	true	
SYMP:0000196	reproductive system symptom	HP:0000078	Abnormality of the genital system	false	
SYMP:0000199	spontaneous abortion	HP:0005268	Spontaneous abortion	false	
SYMP:0000199	spontaneous abortion	HP:0005268	Spontaneous abortion	true	
SYMP:0000208	anemia	HP:0001903	Anemia	false	
SYMP:0000210	photophobia	HP:0000613	Photophobia	false	
SYMP:0000210	photophobia	HP:0000613	Photophobia	true	
SYMP:0000214	anomia	HP:0030784	Anomia	false	
SYMP:0000214	anomia	HP:0030784	Anomia	true	
SYMP:0000216	inability to speak	HP:0002300	Mutism	false	
SYMP:0000216	inability to speak	HP:0002300	Mutism	true	
SYMP:0000220	areflexia	HP:0001284	Areflexia	false	
SYMP:0000220	areflexia	HP:0001284	Areflexia	true	
SYMP:0000222	limb weakness	HP:0003690	Limb muscle weakness	false	
SYMP:0000222	limb weakness	HP:0003690	Limb muscle weakness	true	
SYMP:0000224	leg weakness	HP:0007340	Lower limb muscle weakness	false	
SYMP:0000224	leg weakness	HP:0007340	Lower limb muscle weakness	true	
SYMP:0000226	atrial fibrillation	HP:0005110	Atrial fibrillation	false	
SYMP:0000226	atrial fibrillation	HP:0005110	Atrial fibrillation	true	
SYMP:0000231	bradycardia	HP:0001662	Bradycardia	false	
SYMP:0000231	bradycardia	HP:0001662	Bradycardia	true	
SYMP:0000232	bronchiolitis	HP:0011950	Bronchiolitis	false	
SYMP:0000232	bronchiolitis	HP:0011950	Bronchiolitis	true	
SYMP:0000234	cloudy cornea	HP:0007759	Opacification of the corneal stroma	false	
SYMP:0000234	cloudy cornea	HP:0007759	Opacification of the corneal stroma	true	
SYMP:0000237	congestion	HP:0001742	Nasal obstruction	false	
SYMP:0000237	congestion	HP:0001742	Nasal obstruction	true	
SYMP:0000239	cornea symptom	HP:0000481	Abnormality of the cornea	false	
SYMP:0000239	cornea symptom	HP:0000481	Abnormality of the cornea	true	
SYMP:0000240	corneal opacity	HP:0007957	Corneal opacity	false	
SYMP:0000240	corneal opacity	HP:0007957	Corneal opacity	true	
SYMP:0000241	corneal ulcers	HP:0000495	Recurrent corneal erosions	true	
SYMP:0000241	corneal ulcers	HP:0012804	Corneal ulceration	true	
SYMP:0000243	cyclic fever	HP:0001954	Episodic fever	false	
SYMP:0000243	cyclic fever	HP:0001954	Episodic fever	true	
SYMP:0000246	increased appetite	HP:0002591	Polyphagia	false	
SYMP:0000246	increased appetite	HP:0002591	Polyphagia	true	
SYMP:0000247	proprioception symptom	HP:0010831	Impaired proprioception	false	
SYMP:0000253	anisocoria	HP:0009916	Anisocoria	false	
SYMP:0000253	anisocoria	HP:0009916	Anisocoria	true	
SYMP:0000254	dilated pupil	HP:0011499	Mydriasis	false	
SYMP:0000254	dilated pupil	HP:0011499	Mydriasis	true	
SYMP:0000258	double vision	HP:0000651	Diplopia	false	
SYMP:0000258	double vision	HP:0000651	Diplopia	true	
SYMP:0000260	dry mouth	HP:0000217	Xerostomia	false	
SYMP:0000260	dry mouth	HP:0000217	Xerostomia	true	
SYMP:0000262	endocarditis	HP:0100584	Endocarditis	false	
SYMP:0000262	endocarditis	HP:0100584	Endocarditis	true	
SYMP:0000263	epididymitis	HP:0000031	Epididymitis	false	
SYMP:0000263	epididymitis	HP:0000031	Epididymitis	true	
SYMP:0000265	absence seizure	HP:0002121	Absence seizures	true	
SYMP:0000266	focal seizure	HP:0007359	Focal seizures	true	
SYMP:0000267	generalized seizure	HP:0002197	Generalized seizures	true	
SYMP:0000268	tonic-clonic seizure	HP:0002069	Generalized tonic-clonic seizures	true	
SYMP:0000270	simple partial seizure	HP:0002349	Focal seizures without impairment of consciousness or awareness	true	
SYMP:0000271	complex partial seizure	HP:0002384	Focal seizures with impairment of consciousness or awareness	true	
SYMP:0000272	myoclonic seizure	HP:0002123	Generalized myoclonic seizures	true	
SYMP:0000275	atonic seizure	HP:0010819	Atonic seizures	true	
SYMP:0000277	excess salivation	HP:0003781	Excessive salivation	true	
SYMP:0000283	facial paralysis	HP:0007209	Facial paralysis	false	
SYMP:0000283	facial paralysis	HP:0007209	Facial paralysis	true	
SYMP:0000287	arrhythmia	HP:0011675	Arrhythmia	false	
SYMP:0000287	arrhythmia	HP:0011675	Arrhythmia	true	
SYMP:0000289	eczema	HP:0000964	Eczema	false	
SYMP:0000292	heart failure	HP:0001635	Congestive heart failure	false	
SYMP:0000292	heart failure	HP:0001635	Congestive heart failure	true	
SYMP:0000293	hemiparesis	HP:0001269	Hemiparesis	false	
SYMP:0000293	hemiparesis	HP:0001269	Hemiparesis	true	
SYMP:0000295	hepatic abscess	HP:0100523	Liver abscess	false	
SYMP:0000295	hepatic abscess	HP:0100523	Liver abscess	true	
SYMP:0000298	hoarse voice	HP:0001609	Hoarse voice	false	
SYMP:0000298	hoarse voice	HP:0001609	Hoarse voice	true	
SYMP:0000300	hyperesthesia	HP:0100963	Hyperesthesia	false	
SYMP:0000300	hyperesthesia	HP:0100963	Hyperesthesia	true	
SYMP:0000302	hypothermia	HP:0002045	Hypothermia	false	
SYMP:0000302	hypothermia	HP:0002045	Hypothermia	true	
SYMP:0000303	hypoxemia	HP:0012418	Hypoxemia	false	
SYMP:0000303	hypoxemia	HP:0012418	Hypoxemia	true	
SYMP:0000314	keratitis	HP:0000491	Keratitis	false	
SYMP:0000314	keratitis	HP:0000491	Keratitis	true	
SYMP:0000317	leukopenia	HP:0001882	Leukopenia	false	
SYMP:0000317	leukopenia	HP:0001882	Leukopenia	true	
SYMP:0000320	vision symptom	HP:0000504	Abnormality of vision	false	
SYMP:0000320	vision symptom	HP:0000504	Abnormality of vision	true	
SYMP:0000321	loss of vision	HP:0000572	Visual loss	false	
SYMP:0000321	loss of vision	HP:0000572	Visual loss	true	
SYMP:0000322	low birth weight	HP:0001518	Small for gestational age	false	
SYMP:0000322	low birth weight	HP:0001518	Small for gestational age	true	
SYMP:0000323	melena	HP:0002249	Melena	false	
SYMP:0000324	bronchitis	HP:0012387	Bronchitis	false	
SYMP:0000324	bronchitis	HP:0012387	Bronchitis	true	
SYMP:0000330	mouth sore	HP:0000155	Oral ulcer	false	
SYMP:0000330	mouth sore	HP:0000155	Oral ulcer	true	
SYMP:0000337	night sweats	HP:0030166	Night sweats	false	
SYMP:0000337	night sweats	HP:0030166	Night sweats	true	
SYMP:0000338	nystagmus	HP:0000639	Nystagmus	false	
SYMP:0000338	nystagmus	HP:0000639	Nystagmus	true	
SYMP:0000341	ophthalmoplegia	HP:0000597	Ophthalmoparesis	false	
SYMP:0000341	ophthalmoplegia	HP:0000597	Ophthalmoparesis	true	
SYMP:0000341	ophthalmoplegia	HP:0000602	Ophthalmoplegia	false	
SYMP:0000341	ophthalmoplegia	HP:0000602	Ophthalmoplegia	true	
SYMP:0000342	slurred speech	HP:0001350	Slurred speech	false	
SYMP:0000342	slurred speech	HP:0001350	Slurred speech	true	
SYMP:0000344	palpebral edema	HP:0100540	Palpebral edema	false	
SYMP:0000344	palpebral edema	HP:0100540	Palpebral edema	true	
SYMP:0000346	papule	HP:0200034	Papule	false	
SYMP:0000349	paraplegia	HP:0010550	Paraplegia	false	
SYMP:0000349	paraplegia	HP:0010550	Paraplegia	true	
SYMP:0000355	poor feeding	HP:0011968	Feeding difficulties	false	
SYMP:0000355	poor feeding	HP:0011968	Feeding difficulties	true	
SYMP:0000364	prostate symptom	HP:0000024	Prostatitis	true	
SYMP:0000364	prostate symptom	HP:0008775	Abnormality of the prostate	false	
SYMP:0000367	proteinuria	HP:0000093	Proteinuria	false	
SYMP:0000367	proteinuria	HP:0000093	Proteinuria	true	
SYMP:0000369	ptosis	HP:0000508	Ptosis	false	
SYMP:0000371	respiratory paralysis	HP:0002203	Respiratory paralysis	false	
SYMP:0000371	respiratory paralysis	HP:0002203	Respiratory paralysis	true	
SYMP:0000373	salivation	HP:0100755	Abnormality of salivation	false	
SYMP:0000383	stiff neck	HP:0005986	Limitation of neck motion	false	
SYMP:0000383	stiff neck	HP:0005986	Limitation of neck motion	true	
SYMP:0000384	neck symptom	HP:0000464	Abnormality of the neck	false	
SYMP:0000384	neck symptom	HP:0000464	Abnormality of the neck	true	
SYMP:0000386	mouth symptom	HP:0000153	Abnormality of the mouth	false	
SYMP:0000386	mouth symptom	HP:0000153	Abnormality of the mouth	true	
SYMP:0000387	head symptom	HP:0000234	Abnormality of the head	false	
SYMP:0000387	head symptom	HP:0000234	Abnormality of the head	true	
SYMP:0000388	nose symptom	HP:0000366	Abnormality of the nose	false	
SYMP:0000388	nose symptom	HP:0000366	Abnormality of the nose	true	
SYMP:0000390	thyroid symptom	HP:0000820	Abnormality of the thyroid gland	false	
SYMP:0000390	thyroid symptom	HP:0000820	Abnormality of the thyroid gland	true	
SYMP:0000390	thyroid symptom	HP:0100646	Thyroiditis	true	
SYMP:0000392	ear symptom	HP:0000598	Abnormality of the ear	false	
SYMP:0000392	ear symptom	HP:0000598	Abnormality of the ear	true	
SYMP:0000393	tinnitus	HP:0000360	Tinnitus	false	
SYMP:0000393	tinnitus	HP:0000360	Tinnitus	true	
SYMP:0000394	muscle twitching	HP:0002380	Fasciculations	true	
SYMP:0000395	facial muscle twitching	HP:0011468	Facial tics	true	
SYMP:0000396	mydriasis	HP:0011499	Mydriasis	false	
SYMP:0000396	mydriasis	HP:0011499	Mydriasis	true	
SYMP:0000399	vertigo	HP:0002321	Vertigo	false	
SYMP:0000400	weak cry	HP:0001612	Weak cry	false	
SYMP:0000400	weak cry	HP:0001612	Weak cry	true	
SYMP:0000402	cachexia	HP:0004326	Cachexia	false	
SYMP:0000402	cachexia	HP:0004326	Cachexia	true	
SYMP:0000403	weight gain	HP:0004324	Increased body weight	false	
SYMP:0000403	weight gain	HP:0004324	Increased body weight	true	
SYMP:0000404	dyspareunia	HP:0030016	Dyspareunia	false	
SYMP:0000404	dyspareunia	HP:0030016	Dyspareunia	true	
SYMP:0000405	vaginismus	HP:0030017	Vaginismus	false	
SYMP:0000405	vaginismus	HP:0030017	Vaginismus	true	
SYMP:0000407	syncope	HP:0001279	Syncope	false	
SYMP:0000408	cataplexy	HP:0002524	Cataplexy	false	
SYMP:0000408	cataplexy	HP:0002524	Cataplexy	true	
SYMP:0000409	hyperthermia	HP:0001945	Fever	false	
SYMP:0000409	hyperthermia	HP:0001945	Fever	true	
SYMP:0000412	anxiety	HP:0000739	Anxiety	false	
SYMP:0000414	dysarthria	HP:0001260	Dysarthria	false	
SYMP:0000414	dysarthria	HP:0001260	Dysarthria	true	
SYMP:0000415	amaurosis fugax	HP:0100576	Amaurosis fugax	false	
SYMP:0000415	amaurosis fugax	HP:0100576	Amaurosis fugax	true	
SYMP:0000417	pupil symptom	HP:0000615	Abnormality of the pupil	false	
SYMP:0000417	pupil symptom	HP:0000615	Abnormality of the pupil	true	
SYMP:0000419	miosis	HP:0000616	Miosis	false	
SYMP:0000421	hematochezia	HP:0002573	Hematochezia	false	
SYMP:0000421	hematochezia	HP:0002573	Hematochezia	true	
SYMP:0000423	pyrosis	HP:0002020	Gastroesophageal reflux	false	
SYMP:0000423	pyrosis	HP:0002020	Gastroesophageal reflux	true	
SYMP:0000425	reticulocytosis	HP:0001923	Reticulocytosis	false	
SYMP:0000425	reticulocytosis	HP:0001923	Reticulocytosis	true	
SYMP:0000427	impotence	HP:0000802	Impotence	false	
SYMP:0000427	impotence	HP:0000802	Impotence	true	
SYMP:0000428	hypoventilation	HP:0002791	Hypoventilation	false	
SYMP:0000428	hypoventilation	HP:0002791	Hypoventilation	true	
SYMP:0000432	itching	HP:0000989	Pruritus	false	
SYMP:0000432	itching	HP:0000989	Pruritus	true	
SYMP:0000433	anasarca	HP:0007430	Generalized edema	false	
SYMP:0000433	anasarca	HP:0007430	Generalized edema	true	
SYMP:0000433	anasarca	HP:0012050	Anasarca	false	
SYMP:0000433	anasarca	HP:0012050	Anasarca	true	
SYMP:0000434	urticaria	HP:0001025	Urticaria	false	
SYMP:0000434	urticaria	HP:0001025	Urticaria	true	
SYMP:0000435	paresthesia	HP:0003401	Paresthesia	false	
SYMP:0000435	paresthesia	HP:0003401	Paresthesia	true	
SYMP:0000439	heartburn	HP:0002020	Gastroesophageal reflux	false	
SYMP:0000439	heartburn	HP:0002020	Gastroesophageal reflux	true	
SYMP:0000440	hair loss	HP:0001596	Alopecia	false	
SYMP:0000440	hair loss	HP:0001596	Alopecia	true	
SYMP:0000441	elbow pain	HP:0030835	Elbow pain	false	
SYMP:0000441	elbow pain	HP:0030835	Elbow pain	true	
SYMP:0000442	knee pain	HP:0030839	Knee pain	false	
SYMP:0000442	knee pain	HP:0030839	Knee pain	true	
SYMP:0000443	shoulder pain	HP:0030834	Shoulder pain	false	
SYMP:0000443	shoulder pain	HP:0030834	Shoulder pain	true	
SYMP:0000445	faint	HP:0001279	Syncope	false	
SYMP:0000448	epistaxis	HP:0000421	Epistaxis	false	
SYMP:0000448	epistaxis	HP:0000421	Epistaxis	true	
SYMP:0000449	cardiogenic shock	HP:0030149	Cardiogenic shock	false	
SYMP:0000449	cardiogenic shock	HP:0030149	Cardiogenic shock	true	
SYMP:0000457	abdominal pain	HP:0002027	Abdominal pain	false	
SYMP:0000457	abdominal pain	HP:0002027	Abdominal pain	true	
SYMP:0000458	nausea	HP:0002018	Nausea	false	
SYMP:0000460	hepatomegaly	HP:0002240	Hepatomegaly	false	
SYMP:0000460	hepatomegaly	HP:0002240	Hepatomegaly	true	
SYMP:0000461	abdominal symptom	HP:0011458	Abdominal symptom	false	
SYMP:0000461	abdominal symptom	HP:0011458	Abdominal symptom	true	
SYMP:0000465	failure to thrive	HP:0001508	Failure to thrive	false	
SYMP:0000465	failure to thrive	HP:0001508	Failure to thrive	true	
SYMP:0000466	delayed milestones	HP:0001263	Global developmental delay	false	
SYMP:0000466	delayed milestones	HP:0001263	Global developmental delay	true	
SYMP:0000476	loss of weight	HP:0001824	Weight loss	false	
SYMP:0000476	loss of weight	HP:0001824	Weight loss	true	
SYMP:0000478	abdominal swelling	HP:0003270	Abdominal distention	false	
SYMP:0000478	abdominal swelling	HP:0003270	Abdominal distention	true	
SYMP:0000479	abnormality of gait	HP:0001288	Gait disturbance	false	
SYMP:0000479	abnormality of gait	HP:0001288	Gait disturbance	true	
SYMP:0000480	nervous system symptom	HP:0000707	Abnormality of the nervous system	false	
SYMP:0000485	dysuria	HP:0100518	Dysuria	false	
SYMP:0000486	urinary system symptom	HP:0000079	Abnormality of the urinary system	false	
SYMP:0000487	rash	HP:0000988	Skin rash	false	
SYMP:0000487	rash	HP:0000988	Skin rash	true	
SYMP:0000487	rash	HP:0010783	Erythema	false	
SYMP:0000487	rash	HP:0010783	Erythema	true	
SYMP:0000489	abnormal bowel sound	HP:0030142	Abnormal bowel sounds	true	
SYMP:0000492	urinary incontinence	HP:0000020	Urinary incontinence	false	
SYMP:0000492	urinary incontinence	HP:0000020	Urinary incontinence	true	
SYMP:0000493	dysphagia	HP:0002015	Dysphagia	false	
SYMP:0000493	dysphagia	HP:0002015	Dysphagia	true	
SYMP:0000493	dysphagia	HP:0200136	Oral-pharyngeal dysphagia	false	
SYMP:0000493	dysphagia	HP:0200136	Oral-pharyngeal dysphagia	true	
SYMP:0000504	headache	HP:0002315	Headache	false	
SYMP:0000504	headache	HP:0002315	Headache	true	
SYMP:0000508	aphasia	HP:0002381	Aphasia	false	
SYMP:0000510	pallor	HP:0000980	Pallor	false	
SYMP:0000510	pallor	HP:0000980	Pallor	true	
SYMP:0000511	flushing	HP:0010783	Erythema	false	
SYMP:0000511	flushing	HP:0010783	Erythema	true	
SYMP:0000513	stridor	HP:0010307	Stridor	false	
SYMP:0000517	hemoptysis	HP:0002105	Hemoptysis	false	
SYMP:0000517	hemoptysis	HP:0002105	Hemoptysis	true	
SYMP:0000521	enlargement of lymph nodes	HP:0002716	Lymphadenopathy	false	
SYMP:0000521	enlargement of lymph nodes	HP:0002716	Lymphadenopathy	true	
SYMP:0000523	anorexia	HP:0002039	Anorexia	false	
SYMP:0000523	anorexia	HP:0002039	Anorexia	true	
SYMP:0000524	polyphagia	HP:0002591	Polyphagia	false	
SYMP:0000524	polyphagia	HP:0002591	Polyphagia	true	
SYMP:0000526	ascites	HP:0001541	Ascites	false	
SYMP:0000528	cardiovascular system symptom	HP:0001626	Abnormality of the cardiovascular system	false	
SYMP:0000528	cardiovascular system symptom	HP:0001626	Abnormality of the cardiovascular system	true	
SYMP:0000529	tachycardia	HP:0001649	Tachycardia	false	
SYMP:0000529	tachycardia	HP:0001649	Tachycardia	true	
SYMP:0000530	palpitation	HP:0001962	Palpitations	true	
SYMP:0000531	splenomegaly	HP:0001744	Splenomegaly	false	
SYMP:0000531	splenomegaly	HP:0001744	Splenomegaly	true	
SYMP:0000537	cyanosis	HP:0000961	Cyanosis	false	
SYMP:0000537	cyanosis	HP:0000961	Cyanosis	true	
SYMP:0000538	edema	HP:0000969	Edema	false	
SYMP:0000539	jaundice	HP:0000952	Jaundice	false	
SYMP:0000539	jaundice	HP:0000952	Jaundice	true	
SYMP:0000543	memory loss	HP:0002354	Memory impairment	false	
SYMP:0000543	memory loss	HP:0002354	Memory impairment	true	
SYMP:0000550	clubbing of fingers	HP:0100759	Clubbing of fingers	false	
SYMP:0000550	clubbing of fingers	HP:0100759	Clubbing of fingers	true	
SYMP:0000557	urinary retention	HP:0000016	Urinary retention	false	
SYMP:0000557	urinary retention	HP:0000016	Urinary retention	true	
SYMP:0000560	polydipsia	HP:0001959	Polydipsia	false	
SYMP:0000560	polydipsia	HP:0001959	Polydipsia	true	
SYMP:0000564	nocturia	HP:0000017	Nocturia	false	
SYMP:0000564	nocturia	HP:0000017	Nocturia	true	
SYMP:0000565	polyuria	HP:0000103	Polyuria	false	
SYMP:0000565	polyuria	HP:0000103	Polyuria	true	
SYMP:0000566	sleep disturbance	HP:0002360	Sleep disturbance	false	
SYMP:0000566	sleep disturbance	HP:0002360	Sleep disturbance	true	
SYMP:0000567	general symptom	HP:0012837	Generalized	true	
SYMP:0000568	short stature	HP:0004322	Short stature	false	
SYMP:0000568	short stature	HP:0004322	Short stature	true	
SYMP:0000569	oliguria	HP:0100520	Oliguria	false	
SYMP:0000569	oliguria	HP:0100520	Oliguria	true	
SYMP:0000570	diarrhea	HP:0002014	Diarrhea	false	
SYMP:0000570	diarrhea	HP:0002014	Diarrhea	true	
SYMP:0000570	diarrhea	HP:0002607	Bowel incontinence	false	
SYMP:0000570	diarrhea	HP:0002607	Bowel incontinence	true	
SYMP:0000571	insomnia	HP:0100785	Insomnia	false	
SYMP:0000571	insomnia	HP:0100785	Insomnia	true	
SYMP:0000576	chest pain	HP:0100749	Chest pain	false	
SYMP:0000576	chest pain	HP:0100749	Chest pain	true	
SYMP:0000581	sleep apnea	HP:0010535	Sleep apnea	false	
SYMP:0000581	sleep apnea	HP:0010535	Sleep apnea	true	
SYMP:0000582	hypersomnia	HP:0100786	Hypersomnia	false	
SYMP:0000582	hypersomnia	HP:0100786	Hypersomnia	true	
SYMP:0000593	gangrene	HP:0100758	Gangrene	false	
SYMP:0000593	gangrene	HP:0100758	Gangrene	true	
SYMP:0000595	febrile convulsion	HP:0002373	Febrile seizures	true	
SYMP:0000597	head and neck symptom	HP:0000152	Abnormality of head or neck	false	
SYMP:0000597	head and neck symptom	HP:0000152	Abnormality of head or neck	true	
SYMP:0000598	respiratory abnormality	HP:0002086	Abnormality of the respiratory system	false	
SYMP:0000598	respiratory abnormality	HP:0002086	Abnormality of the respiratory system	true	
SYMP:0000599	cheyne-stokes respiration	HP:0012196	Cheyne-Stokes respiration	false	
SYMP:0000599	cheyne-stokes respiration	HP:0012196	Cheyne-Stokes respiration	true	
SYMP:0000600	apnea	HP:0002104	Apnea	false	
SYMP:0000601	hyperventilation	HP:0002883	Hyperventilation	false	
SYMP:0000601	hyperventilation	HP:0002883	Hyperventilation	true	
SYMP:0000602	orthopnea	HP:0012764	Orthopnea	false	
SYMP:0000602	orthopnea	HP:0012764	Orthopnea	true	
SYMP:0000603	tachypnea	HP:0002789	Tachypnea	false	
SYMP:0000603	tachypnea	HP:0002789	Tachypnea	true	
SYMP:0000604	wheezing	HP:0030828	Wheezing	false	
SYMP:0000604	wheezing	HP:0030828	Wheezing	true	
SYMP:0000605	coma	HP:0001259	Coma	false	
SYMP:0000606	nocturnal enuresis	HP:0010677	Enuresis nocturna	false	
SYMP:0000606	nocturnal enuresis	HP:0010677	Enuresis nocturna	true	
SYMP:0000607	hallucination	HP:0000738	Hallucinations	false	
SYMP:0000607	hallucination	HP:0000738	Hallucinations	true	
SYMP:0000610	dizziness	HP:0002321	Vertigo	false	
SYMP:0000610	dizziness	HP:0002321	Vertigo	true	
SYMP:0000613	fever	HP:0001945	Fever	false	
SYMP:0000614	cough	HP:0012735	Cough	false	
SYMP:0000614	cough	HP:0012735	Cough	true	
SYMP:0000617	torticollis	HP:0000473	Torticollis	false	
SYMP:0000617	torticollis	HP:0000473	Torticollis	true	
SYMP:0000618	abnormal posture	HP:0002533	Abnormal posturing	true	
SYMP:0000619	tetany	HP:0001281	Tetany	false	
SYMP:0000621	alexia	HP:0010523	Alexia	false	
SYMP:0000623	acute renal failure	HP:0001919	Acute kidney injury	false	
SYMP:0000623	acute renal failure	HP:0001919	Acute kidney injury	true	
SYMP:0000631	hemolytic anemia	HP:0001878	Hemolytic anemia	false	
SYMP:0000631	hemolytic anemia	HP:0001878	Hemolytic anemia	true	
SYMP:0000632	hip pain	HP:0030838	Hip pain	false	
SYMP:0000632	hip pain	HP:0030838	Hip pain	true	
SYMP:0000634	leukocytosis	HP:0001974	Leukocytosis	false	
SYMP:0000634	leukocytosis	HP:0001974	Leukocytosis	true	
SYMP:0000635	low backache	HP:0003419	Low back pain	false	
SYMP:0000635	low backache	HP:0003419	Low back pain	true	
SYMP:0000637	opisthotonus	HP:0002179	Opisthotonus	false	
SYMP:0000637	opisthotonus	HP:0002179	Opisthotonus	true	
SYMP:0000639	rectorrhagia	HP:0002573	Hematochezia	false	
SYMP:0000639	rectorrhagia	HP:0002573	Hematochezia	true	
SYMP:0000643	respiratory failure	HP:0002878	Respiratory failure	false	
SYMP:0000643	respiratory failure	HP:0002878	Respiratory failure	true	
SYMP:0000646	synovitis	HP:0100769	Synovitis	false	
SYMP:0000646	synovitis	HP:0100769	Synovitis	true	
SYMP:0000648	tenesmus	HP:0012702	Tenesmus	false	
SYMP:0000648	tenesmus	HP:0012702	Tenesmus	true	
SYMP:0000654	irritability	HP:0000737	Irritability	false	
SYMP:0000654	irritability	HP:0000737	Irritability	true	
SYMP:0000658	extraocular muscles paralysis	HP:0000597	Ophthalmoparesis	true	
SYMP:0000666	abnormal behavior	HP:0000708	Behavioral abnormality	true	
SYMP:0000673	bradykinesia	HP:0002067	Bradykinesia	false	
SYMP:0000673	bradykinesia	HP:0002067	Bradykinesia	true	
SYMP:0000681	aggressive behavior	HP:0000718	Aggressive behavior	false	
SYMP:0000681	aggressive behavior	HP:0000718	Aggressive behavior	true	
SYMP:0000683	tachypnoea	HP:0002883	Hyperventilation	false	
SYMP:0000683	tachypnoea	HP:0002883	Hyperventilation	true	
SYMP:0000690	cranial nerve palsies	HP:0006824	Cranial nerve paralysis	false	
SYMP:0000690	cranial nerve palsies	HP:0006824	Cranial nerve paralysis	true	
SYMP:0000692	low blood pressure	HP:0002615	Hypotension	false	
SYMP:0000692	low blood pressure	HP:0002615	Hypotension	true	
SYMP:0000704	dysphonia	HP:0001618	Dysphonia	false	
SYMP:0000704	dysphonia	HP:0001618	Dysphonia	true	
SYMP:0000705	expressive aphasia	HP:0002427	Motor aphasia	false	
SYMP:0000705	expressive aphasia	HP:0002427	Motor aphasia	true	
SYMP:0000706	facial weakness	HP:0010628	Facial palsy	false	
SYMP:0000706	facial weakness	HP:0010628	Facial palsy	true	
SYMP:0000712	infertility	HP:0000789	Infertility	false	
SYMP:0000712	infertility	HP:0000789	Infertility	true	
SYMP:0000718	loss of consciousness	HP:0007185	Loss of consciousness	false	
SYMP:0000718	loss of consciousness	HP:0007185	Loss of consciousness	true	
SYMP:0000719	memory impairment	HP:0002354	Memory impairment	false	
SYMP:0000719	memory impairment	HP:0002354	Memory impairment	true	
SYMP:0000720	microangiopathic hemolytic anemia	HP:0001937	Microangiopathic hemolytic anemia	false	
SYMP:0000720	microangiopathic hemolytic anemia	HP:0001937	Microangiopathic hemolytic anemia	true	
SYMP:0000731	renal failure	HP:0000083	Renal insufficiency	false	
SYMP:0000731	renal failure	HP:0000083	Renal insufficiency	true	
SYMP:0000734	stroke	HP:0001297	Stroke	false	
SYMP:0000734	stroke	HP:0001297	Stroke	true	
SYMP:0000742	gum bleeding	HP:0000225	Gingival bleeding	false	
SYMP:0000742	gum bleeding	HP:0000225	Gingival bleeding	true	
SYMP:0000748	facial edema	HP:0000282	Facial edema	false	
SYMP:0000748	facial edema	HP:0000282	Facial edema	true	
SYMP:0000756	menorrhagia	HP:0000132	Menorrhagia	false	
SYMP:0000756	menorrhagia	HP:0000132	Menorrhagia	true	
SYMP:0000760	petechiae	HP:0000967	Petechiae	false	
SYMP:0000760	petechiae	HP:0000967	Petechiae	true	
SYMP:0000823	sinus bradycardia	HP:0001688	Sinus bradycardia	false	
SYMP:0000823	sinus bradycardia	HP:0001688	Sinus bradycardia	true	
SYMP:0000825	paroxysmal tachycardia	HP:0006688	Paroxysmal tachycardia	false	
SYMP:0000825	paroxysmal tachycardia	HP:0006688	Paroxysmal tachycardia	true	
SYMP:0000826	sinus tachycardia	HP:0011703	Sinus tachycardia	false	
SYMP:0000826	sinus tachycardia	HP:0011703	Sinus tachycardia	true	
SYMP:0000827	ventricular tachycardia	HP:0004756	Ventricular tachycardia	false	
SYMP:0000827	ventricular tachycardia	HP:0004756	Ventricular tachycardia	true	
SYMP:0000829	neck pain	HP:0030833	Neck pain	false	
SYMP:0000829	neck pain	HP:0030833	Neck pain	true	
SYMP:0000834	hypoesthesia	HP:0003474	Sensory impairment	false	
SYMP:0000834	hypoesthesia	HP:0003474	Sensory impairment	true	
SYMP:0000837	chronic pain	HP:0012532	Chronic pain	false	
SYMP:0000837	chronic pain	HP:0012532	Chronic pain	true	
SYMP:0000840	allodynia	HP:0012533	Allodynia	false	
SYMP:0000840	allodynia	HP:0012533	Allodynia	true	
SYMP:0000849	stillbirth	HP:0003826	Stillbirth	false	
SYMP:0000849	stillbirth	HP:0003826	Stillbirth	true	
SYMP:0000851	gross hematuria	HP:0012587	Macroscopic hematuria	false	
SYMP:0000851	gross hematuria	HP:0012587	Macroscopic hematuria	true	
SYMP:0000852	anuria	HP:0100519	Anuria	false	
SYMP:0000854	hypermenorrhea	HP:0000132	Menorrhagia	false	
SYMP:0000854	hypermenorrhea	HP:0000132	Menorrhagia	true	
SYMP:0000855	metrorrhagia	HP:0100608	Metrorrhagia	false	
SYMP:0000855	metrorrhagia	HP:0100608	Metrorrhagia	true	
SYMP:0000858	hypokinesia	HP:0002375	Hypokinesia	false	
SYMP:0000858	hypokinesia	HP:0002375	Hypokinesia	true	
SYMP:0000867	gastrointestinal bleeding	HP:0002239	Gastrointestinal hemorrhage	false	
SYMP:0000867	gastrointestinal bleeding	HP:0002239	Gastrointestinal hemorrhage	true	
SYMP:0000869	nasal congestion	HP:0001742	Nasal obstruction	false	
SYMP:0000869	nasal congestion	HP:0001742	Nasal obstruction	true	
SYMP:0000876	pericardial effusion	HP:0001698	Pericardial effusion	false	
SYMP:0000876	pericardial effusion	HP:0001698	Pericardial effusion	true	
SYMP:0000879	low-grade fever	HP:0011134	Low-grade fever	false	
SYMP:0000879	low-grade fever	HP:0011134	Low-grade fever	true	
SYMP:0000881	mild fever	HP:0011134	Low-grade fever	false	
SYMP:0000881	mild fever	HP:0011134	Low-grade fever	true	
SYMP:0000893	hypotensive	HP:0002615	Hypotension	true	
SYMP:0019138	immune system symptom	HP:0002715	Abnormality of the immune system	false	
SYMP:0019140	hematopoietic system symptom	HP:0001871	Abnormality of blood and blood-forming tissues	false	
SYMP:0019141	lymphatic system symptom	HP:0100763	Abnormality of the lymphatic system	false	
SYMP:0019142	adenopathy	HP:0002716	Lymphadenopathy	false	
SYMP:0019142	adenopathy	HP:0002716	Lymphadenopathy	true	
SYMP:0019143	coagulopathy	HP:0003256	Abnormality of the coagulation cascade	false	
SYMP:0019143	coagulopathy	HP:0003256	Abnormality of the coagulation cascade	true	
SYMP:0019145	vomiting	HP:0002013	Vomiting	false	
SYMP:0019145	vomiting	HP:0002013	Vomiting	true	
SYMP:0019146	hyponatremia	HP:0002902	Hyponatremia	false	
SYMP:0019146	hyponatremia	HP:0002902	Hyponatremia	true	
SYMP:0019147	hematemesis	HP:0002248	Hematemesis	false	
SYMP:0019147	hematemesis	HP:0002248	Hematemesis	true	
SYMP:0019151	pulmonary edema	HP:0100598	Pulmonary edema	false	
SYMP:0019151	pulmonary edema	HP:0100598	Pulmonary edema	true	
SYMP:0019152	diaphoresis	HP:0000975	Hyperhidrosis	false	
SYMP:0019152	diaphoresis	HP:0000975	Hyperhidrosis	true	
SYMP:0019153	dyspnea	HP:0002094	Dyspnea	false	
SYMP:0019153	dyspnea	HP:0002094	Dyspnea	true	
SYMP:0019153	dyspnea	HP:0002880	Respiratory difficulties	true	
SYMP:0019155	lymphadenitis	HP:0002840	Lymphadenitis	false	
SYMP:0019155	lymphadenitis	HP:0002840	Lymphadenitis	true	
SYMP:0019161	muscle pain	HP:0003326	Myalgia	false	
SYMP:0019161	muscle pain	HP:0003326	Myalgia	true	
SYMP:0019163	eye symptom	HP:0000315	Abnormality of the orbital region	false	
SYMP:0019163	eye symptom	HP:0000478	Abnormality of the eye	false	
SYMP:0019167	pustule	HP:0200039	Pustule	false	
SYMP:0019168	pneumonia	HP:0002090	Pneumonia	false	
SYMP:0019168	pneumonia	HP:0002090	Pneumonia	true	
SYMP:0019169	arthritis	HP:0001369	Arthritis	false	
SYMP:0019169	arthritis	HP:0001369	Arthritis	true	
SYMP:0019173	meningitis	HP:0001287	Meningitis	false	
SYMP:0019173	meningitis	HP:0001287	Meningitis	true	
SYMP:0019177	fatigue	HP:0012378	Fatigue	false	
SYMP:0019180	constipation	HP:0002019	Constipation	false	
SYMP:0019180	constipation	HP:0002019	Constipation	true	
SYMP:0019181	hoarseness	HP:0001609	Hoarse voice	false	
SYMP:0019181	hoarseness	HP:0001609	Hoarse voice	true	
