defined_class	defined_class_label	part_anatomical_entity	part_anatomical_entity_label	whole_anatomical_entity	whole_anatomical_entity_label
http://purl.obolibrary.org/obo/ZP_0145025	Purkinje cell layer corpus cerebelli has fewer parts of type Purkinje cell layer corpus cerebelli, abnormal	http://purl.obolibrary.org/obo/ZFA_0001706	Purkinje cell layer corpus cerebelli	http://purl.obolibrary.org/obo/ZFA_0001706	Purkinje cell layer corpus cerebelli
http://purl.obolibrary.org/obo/ZP_0138201	Purkinje cell layer corpus cerebelli has fewer parts of type Purkinje cell, abnormal	http://purl.obolibrary.org/obo/ZFA_0009071	Purkinje cell	http://purl.obolibrary.org/obo/ZFA_0001706	Purkinje cell layer corpus cerebelli
http://purl.obolibrary.org/obo/ZP_0138214	Purkinje cell layer corpus cerebelli has fewer parts of type eurydendroid cell, abnormal	http://purl.obolibrary.org/obo/ZFA_0009153	eurydendroid cell	http://purl.obolibrary.org/obo/ZFA_0001706	Purkinje cell layer corpus cerebelli
http://purl.obolibrary.org/obo/ZP_0104466	VeLD has fewer parts of type GABAergic neuron, abnormal	http://purl.obolibrary.org/obo/ZFA_0009276	GABAergic neuron	http://purl.obolibrary.org/obo/ZFA_0005177	VeLD
http://purl.obolibrary.org/obo/ZP_0008828	abductor hyohyoid has fewer parts of type skeletal muscle cell, abnormal	http://purl.obolibrary.org/obo/ZFA_0009115	skeletal muscle cell	http://purl.obolibrary.org/obo/ZFA_0000462	abductor hyohyoid
http://purl.obolibrary.org/obo/ZP_0008832	adductor hyohyoid has fewer parts of type skeletal muscle cell, abnormal	http://purl.obolibrary.org/obo/ZFA_0009115	skeletal muscle cell	http://purl.obolibrary.org/obo/ZFA_0000715	adductor hyohyoid
http://purl.obolibrary.org/obo/ZP_0008829	adductor operculi has fewer parts of type skeletal muscle cell, abnormal	http://purl.obolibrary.org/obo/ZFA_0009115	skeletal muscle cell	http://purl.obolibrary.org/obo/ZFA_0000465	adductor operculi
http://purl.obolibrary.org/obo/ZP_0012062	adenohypophysis has fewer parts of type adrenocorticotropic hormone secreting cell, abnormal	http://purl.obolibrary.org/obo/ZFA_0009216	adrenocorticotropic hormone secreting cell	http://purl.obolibrary.org/obo/ZFA_0001282	adenohypophysis
http://purl.obolibrary.org/obo/ZP_0012061	adenohypophysis has fewer parts of type prolactin secreting cell, abnormal	http://purl.obolibrary.org/obo/ZFA_0009204	prolactin secreting cell	http://purl.obolibrary.org/obo/ZFA_0001282	adenohypophysis
http://purl.obolibrary.org/obo/ZP_0011697	anal fin has fewer parts of type iridophore, abnormal	http://purl.obolibrary.org/obo/ZFA_0009199	iridophore	http://purl.obolibrary.org/obo/ZFA_0001162	anal fin
http://purl.obolibrary.org/obo/ZP_0004698	anal fin has fewer parts of type lepidotrichium, abnormal	http://purl.obolibrary.org/obo/ZFA_0001554	lepidotrichium	http://purl.obolibrary.org/obo/ZFA_0001162	anal fin
http://purl.obolibrary.org/obo/ZP_0011809	anal fin has fewer parts of type melanocyte, abnormal	http://purl.obolibrary.org/obo/ZFA_0009091	melanocyte	http://purl.obolibrary.org/obo/ZFA_0001162	anal fin
http://purl.obolibrary.org/obo/ZP_0011380	anal fin has fewer parts of type melanophore stripe, abnormal	http://purl.obolibrary.org/obo/ZFA_0001463	melanophore stripe	http://purl.obolibrary.org/obo/ZFA_0001162	anal fin
http://purl.obolibrary.org/obo/ZP_0012124	anal fin has fewer parts of type xanthophore, abnormal	http://purl.obolibrary.org/obo/ZFA_0009198	xanthophore	http://purl.obolibrary.org/obo/ZFA_0001162	anal fin
http://purl.obolibrary.org/obo/ZP_0011512	anterior commissure has fewer parts of type astrocyte, abnormal	http://purl.obolibrary.org/obo/ZFA_0009075	astrocyte	http://purl.obolibrary.org/obo/ZFA_0001108	anterior commissure
http://purl.obolibrary.org/obo/ZP_0142758	anterior lateral line neuromast has fewer parts of type neuromast hair cell, abnormal	http://purl.obolibrary.org/obo/ZFA_0009367	neuromast hair cell	http://purl.obolibrary.org/obo/ZFA_0001472	anterior lateral line neuromast
http://purl.obolibrary.org/obo/ZP_0142763	anterior lateral line neuromast has fewer parts of type neuromast support cell, abnormal	http://purl.obolibrary.org/obo/ZFA_0009363	neuromast support cell	http://purl.obolibrary.org/obo/ZFA_0001472	anterior lateral line neuromast
http://purl.obolibrary.org/obo/ZP_0016572	anterior macula has fewer parts of type auditory receptor cell, abnormal	http://purl.obolibrary.org/obo/ZFA_0009121	auditory receptor cell	http://purl.obolibrary.org/obo/ZFA_0000168	anterior macula
http://purl.obolibrary.org/obo/ZP_0009994	anterior macula has fewer parts of type hair cell anterior macula, abnormal	http://purl.obolibrary.org/obo/ZFA_0000678	hair cell anterior macula	http://purl.obolibrary.org/obo/ZFA_0000168	anterior macula
http://purl.obolibrary.org/obo/ZP_0007422	area postrema has fewer parts of type dopaminergic neuron, abnormal	http://purl.obolibrary.org/obo/ZFA_0009301	dopaminergic neuron	http://purl.obolibrary.org/obo/ZFA_0005146	area postrema
http://purl.obolibrary.org/obo/ZP_0009279	atrium has fewer parts of type atrial endocardium, abnormal	http://purl.obolibrary.org/obo/ZFA_0001614	atrial endocardium	http://purl.obolibrary.org/obo/ZFA_0000471	atrium
http://purl.obolibrary.org/obo/ZP_0006050	atrium has fewer parts of type cardiac muscle cell, abnormal	http://purl.obolibrary.org/obo/ZFA_0009316	cardiac muscle cell	http://purl.obolibrary.org/obo/ZFA_0000471	atrium
http://purl.obolibrary.org/obo/ZP_0015739	axial fin skeleton has fewer parts of type lepidotrichium, abnormal	http://purl.obolibrary.org/obo/ZFA_0001554	lepidotrichium	http://purl.obolibrary.org/obo/ZFA_0001123	axial fin skeleton
http://purl.obolibrary.org/obo/ZP_0004430	axial vasculature has fewer parts of type intersegmental vessel, abnormal	http://purl.obolibrary.org/obo/ZFA_0001285	intersegmental vessel	http://purl.obolibrary.org/obo/ZFA_0001073	axial vasculature
http://purl.obolibrary.org/obo/ZP_0147189	basal communicating artery has fewer parts of type vascular associated smooth muscle cell, abnormal	http://purl.obolibrary.org/obo/ZFA_0009181	vascular associated smooth muscle cell	http://purl.obolibrary.org/obo/ZFA_0005000	basal communicating artery
http://purl.obolibrary.org/obo/ZP_0138409	blood has fewer parts of type cell, abnormal	http://purl.obolibrary.org/obo/ZFA_0009000	cell	http://purl.obolibrary.org/obo/ZFA_0000007	blood
http://purl.obolibrary.org/obo/ZP_0017883	blood has fewer parts of type nucleate erythrocyte, abnormal	http://purl.obolibrary.org/obo/ZFA_0009256	nucleate erythrocyte	http://purl.obolibrary.org/obo/ZFA_0000007	blood
http://purl.obolibrary.org/obo/ZP_0007158	blood island has fewer parts of type hematopoietic stem cell, abnormal	http://purl.obolibrary.org/obo/ZFA_0009014	hematopoietic stem cell	http://purl.obolibrary.org/obo/ZFA_0000094	blood island
http://purl.obolibrary.org/obo/ZP_0011750	blood island has fewer parts of type macrophage, abnormal	http://purl.obolibrary.org/obo/ZFA_0009141	macrophage	http://purl.obolibrary.org/obo/ZFA_0000094	blood island
http://purl.obolibrary.org/obo/ZP_0006877	blood island has fewer parts of type myeloid cell, abnormal	http://purl.obolibrary.org/obo/ZFA_0009324	myeloid cell	http://purl.obolibrary.org/obo/ZFA_0000094	blood island
http://purl.obolibrary.org/obo/ZP_0011617	blood island has fewer parts of type neutrophil, abnormal	http://purl.obolibrary.org/obo/ZFA_0009327	neutrophil	http://purl.obolibrary.org/obo/ZFA_0000094	blood island
http://purl.obolibrary.org/obo/ZP_0137425	blood vasculature has fewer parts of type nucleate erythrocyte, abnormal	http://purl.obolibrary.org/obo/ZFA_0009256	nucleate erythrocyte	http://purl.obolibrary.org/obo/ZFA_0001079	blood vasculature
http://purl.obolibrary.org/obo/ZP_0005858	blood vessel has fewer parts of type blood cell, abnormal	http://purl.obolibrary.org/obo/ZFA_0009044	blood cell	http://purl.obolibrary.org/obo/ZFA_0005314	blood vessel
http://purl.obolibrary.org/obo/ZP_0018171	brain has fewer parts of type astrocyte, abnormal	http://purl.obolibrary.org/obo/ZFA_0009075	astrocyte	http://purl.obolibrary.org/obo/ZFA_0000008	brain
http://purl.obolibrary.org/obo/ZP_0006360	brain has fewer parts of type cell, abnormal	http://purl.obolibrary.org/obo/ZFA_0009000	cell	http://purl.obolibrary.org/obo/ZFA_0000008	brain
http://purl.obolibrary.org/obo/ZP_0019954	brain has fewer parts of type dopaminergic neuron, abnormal	http://purl.obolibrary.org/obo/ZFA_0009301	dopaminergic neuron	http://purl.obolibrary.org/obo/ZFA_0000008	brain
http://purl.obolibrary.org/obo/ZP_0016853	brain has fewer parts of type microglial cell, abnormal	http://purl.obolibrary.org/obo/ZFA_0009077	microglial cell	http://purl.obolibrary.org/obo/ZFA_0000008	brain
http://purl.obolibrary.org/obo/ZP_0018100	brain has fewer parts of type neuron, abnormal	http://purl.obolibrary.org/obo/ZFA_0009248	neuron	http://purl.obolibrary.org/obo/ZFA_0000008	brain
http://purl.obolibrary.org/obo/ZP_0018170	brain has fewer parts of type neuronal stem cell, abnormal	http://purl.obolibrary.org/obo/ZFA_0009019	neuronal stem cell	http://purl.obolibrary.org/obo/ZFA_0000008	brain
http://purl.obolibrary.org/obo/ZP_0103319	brain has fewer parts of type peptidergic neuron, abnormal	http://purl.obolibrary.org/obo/ZFA_0009062	peptidergic neuron	http://purl.obolibrary.org/obo/ZFA_0000008	brain
http://purl.obolibrary.org/obo/ZP_0002187	brain vasculature has fewer parts of type central artery, abnormal	http://purl.obolibrary.org/obo/ZFA_0005020	central artery	http://purl.obolibrary.org/obo/ZFA_0000099	brain vasculature
http://purl.obolibrary.org/obo/ZP_0006047	cardiac ventricle has fewer parts of type cardiac muscle cell, abnormal	http://purl.obolibrary.org/obo/ZFA_0009316	cardiac muscle cell	http://purl.obolibrary.org/obo/ZFA_0000009	cardiac ventricle
http://purl.obolibrary.org/obo/ZP_0008249	cardiac ventricle has fewer parts of type ventricular endocardium, abnormal	http://purl.obolibrary.org/obo/ZFA_0001615	ventricular endocardium	http://purl.obolibrary.org/obo/ZFA_0000009	cardiac ventricle
http://purl.obolibrary.org/obo/ZP_0017045	caudal artery has fewer parts of type endothelial cell, abnormal	http://purl.obolibrary.org/obo/ZFA_0009065	endothelial cell	http://purl.obolibrary.org/obo/ZFA_0000011	caudal artery
http://purl.obolibrary.org/obo/ZP_0011693	caudal fin has fewer parts of type iridophore, abnormal	http://purl.obolibrary.org/obo/ZFA_0009199	iridophore	http://purl.obolibrary.org/obo/ZFA_0001058	caudal fin
http://purl.obolibrary.org/obo/ZP_0004693	caudal fin has fewer parts of type lepidotrichium, abnormal	http://purl.obolibrary.org/obo/ZFA_0001554	lepidotrichium	http://purl.obolibrary.org/obo/ZFA_0001058	caudal fin
http://purl.obolibrary.org/obo/ZP_0012253	caudal fin has fewer parts of type melanophore stripe, abnormal	http://purl.obolibrary.org/obo/ZFA_0001463	melanophore stripe	http://purl.obolibrary.org/obo/ZFA_0001058	caudal fin
http://purl.obolibrary.org/obo/ZP_0143603	caudal hematopoietic tissue has fewer parts of type hematopoietic multipotent progenitor cell, abnormal	http://purl.obolibrary.org/obo/ZFA_0009354	hematopoietic multipotent progenitor cell	http://purl.obolibrary.org/obo/ZFA_0005898	caudal hematopoietic tissue
http://purl.obolibrary.org/obo/ZP_0143602	caudal hematopoietic tissue has fewer parts of type hematopoietic stem cell, abnormal	http://purl.obolibrary.org/obo/ZFA_0009014	hematopoietic stem cell	http://purl.obolibrary.org/obo/ZFA_0005898	caudal hematopoietic tissue
http://purl.obolibrary.org/obo/ZP_0138400	caudal hematopoietic tissue has fewer parts of type neutrophil, abnormal	http://purl.obolibrary.org/obo/ZFA_0009327	neutrophil	http://purl.obolibrary.org/obo/ZFA_0005898	caudal hematopoietic tissue
http://purl.obolibrary.org/obo/ZP_0002586	caudal tuberculum has fewer parts of type dopaminergic neuron, abnormal	http://purl.obolibrary.org/obo/ZFA_0009301	dopaminergic neuron	http://purl.obolibrary.org/obo/ZFA_0000633	caudal tuberculum
http://purl.obolibrary.org/obo/ZP_0017046	caudal vein plexus has fewer parts of type endothelial cell, abnormal	http://purl.obolibrary.org/obo/ZFA_0009065	endothelial cell	http://purl.obolibrary.org/obo/ZFA_0001286	caudal vein plexus
http://purl.obolibrary.org/obo/ZP_0102293	caudal vein plexus has fewer parts of type hematopoietic stem cell, abnormal	http://purl.obolibrary.org/obo/ZFA_0009014	hematopoietic stem cell	http://purl.obolibrary.org/obo/ZFA_0001286	caudal vein plexus
http://purl.obolibrary.org/obo/ZP_0004800	central nervous system has fewer parts of type white matter, abnormal	http://purl.obolibrary.org/obo/ZFA_0001682	white matter	http://purl.obolibrary.org/obo/ZFA_0000012	central nervous system
http://purl.obolibrary.org/obo/ZP_0001780	ceratobranchial 5 bone has fewer parts of type ceratobranchial 5 tooth, abnormal	http://purl.obolibrary.org/obo/ZFA_0000694	ceratobranchial 5 tooth	http://purl.obolibrary.org/obo/ZFA_0001239	ceratobranchial 5 bone
http://purl.obolibrary.org/obo/ZP_0022425	cerebellum has fewer parts of type GABAergic neuron, abnormal	http://purl.obolibrary.org/obo/ZFA_0009276	GABAergic neuron	http://purl.obolibrary.org/obo/ZFA_0000100	cerebellum
http://purl.obolibrary.org/obo/ZP_0106434	cerebellum has fewer parts of type Purkinje cell, abnormal	http://purl.obolibrary.org/obo/ZFA_0009071	Purkinje cell	http://purl.obolibrary.org/obo/ZFA_0000100	cerebellum
http://purl.obolibrary.org/obo/ZP_0106433	cerebellum has fewer parts of type cerebellar granule cell, abnormal	http://purl.obolibrary.org/obo/ZFA_0001691	cerebellar granule cell	http://purl.obolibrary.org/obo/ZFA_0000100	cerebellum
http://purl.obolibrary.org/obo/ZP_0146299	choroid plexus fourth ventricle has fewer parts of type single ciliated epithelial cell, abnormal	http://purl.obolibrary.org/obo/ZFA_0005243	single ciliated epithelial cell	http://purl.obolibrary.org/obo/ZFA_0001446	choroid plexus fourth ventricle
http://purl.obolibrary.org/obo/ZP_0146298	choroid plexus third ventricle has fewer parts of type single ciliated epithelial cell, abnormal	http://purl.obolibrary.org/obo/ZFA_0005243	single ciliated epithelial cell	http://purl.obolibrary.org/obo/ZFA_0001444	choroid plexus third ventricle
http://purl.obolibrary.org/obo/ZP_0104158	corpus cerebelli has fewer parts of type cerebellar granule cell, abnormal	http://purl.obolibrary.org/obo/ZFA_0001691	cerebellar granule cell	http://purl.obolibrary.org/obo/ZFA_0000188	corpus cerebelli
http://purl.obolibrary.org/obo/ZP_0104140	corpus cerebelli has fewer parts of type parallel fiber, abnormal	http://purl.obolibrary.org/obo/ZFA_0001713	parallel fiber	http://purl.obolibrary.org/obo/ZFA_0000188	corpus cerebelli
http://purl.obolibrary.org/obo/ZP_0008079	cranial ganglion has fewer parts of type sensory neuron, abnormal	http://purl.obolibrary.org/obo/ZFA_0009053	sensory neuron	http://purl.obolibrary.org/obo/ZFA_0000013	cranial ganglion
http://purl.obolibrary.org/obo/ZP_0008906	cranial neural crest has fewer parts of type cranial neural crest cell, abnormal	http://purl.obolibrary.org/obo/ZFA_0009003	cranial neural crest cell	http://purl.obolibrary.org/obo/ZFA_0001194	cranial neural crest
http://purl.obolibrary.org/obo/ZP_0015501	cranial vasculature has fewer parts of type endothelial cell, abnormal	http://purl.obolibrary.org/obo/ZFA_0009065	endothelial cell	http://purl.obolibrary.org/obo/ZFA_0001267	cranial vasculature
http://purl.obolibrary.org/obo/ZP_0007357	diencephalon has fewer parts of type dopaminergic neuron, abnormal	http://purl.obolibrary.org/obo/ZFA_0009301	dopaminergic neuron	http://purl.obolibrary.org/obo/ZFA_0000101	diencephalon
http://purl.obolibrary.org/obo/ZP_0017927	diencephalon has fewer parts of type neuron, abnormal	http://purl.obolibrary.org/obo/ZFA_0009248	neuron	http://purl.obolibrary.org/obo/ZFA_0000101	diencephalon
http://purl.obolibrary.org/obo/ZP_0008830	dilatator operculi has fewer parts of type skeletal muscle cell, abnormal	http://purl.obolibrary.org/obo/ZFA_0009115	skeletal muscle cell	http://purl.obolibrary.org/obo/ZFA_0000498	dilatator operculi
http://purl.obolibrary.org/obo/ZP_0017042	dorsal aorta has fewer parts of type endothelial cell, abnormal	http://purl.obolibrary.org/obo/ZFA_0009065	endothelial cell	http://purl.obolibrary.org/obo/ZFA_0000014	dorsal aorta
http://purl.obolibrary.org/obo/ZP_0147391	dorsal aorta has fewer parts of type hematopoietic stem cell, abnormal	http://purl.obolibrary.org/obo/ZFA_0009014	hematopoietic stem cell	http://purl.obolibrary.org/obo/ZFA_0000014	dorsal aorta
http://purl.obolibrary.org/obo/ZP_0004699	dorsal fin has fewer parts of type lepidotrichium, abnormal	http://purl.obolibrary.org/obo/ZFA_0001554	lepidotrichium	http://purl.obolibrary.org/obo/ZFA_0001173	dorsal fin
http://purl.obolibrary.org/obo/ZP_0017044	dorsal longitudinal anastomotic vessel has fewer parts of type endothelial cell, abnormal	http://purl.obolibrary.org/obo/ZFA_0009065	endothelial cell	http://purl.obolibrary.org/obo/ZFA_0005025	dorsal longitudinal anastomotic vessel
http://purl.obolibrary.org/obo/ZP_0012554	dorsal root ganglion has fewer parts of type neuron, abnormal	http://purl.obolibrary.org/obo/ZFA_0009248	neuron	http://purl.obolibrary.org/obo/ZFA_0000200	dorsal root ganglion
http://purl.obolibrary.org/obo/ZP_0147523	dorsal telencephalon has fewer parts of type radial glial cell, abnormal	http://purl.obolibrary.org/obo/ZFA_0009292	radial glial cell	http://purl.obolibrary.org/obo/ZFA_0000505	dorsal telencephalon
http://purl.obolibrary.org/obo/ZP_0007227	dorsal tooth row has fewer parts of type ceratobranchial 5 tooth, abnormal	http://purl.obolibrary.org/obo/ZFA_0000694	ceratobranchial 5 tooth	http://purl.obolibrary.org/obo/ZFA_0001140	dorsal tooth row
http://purl.obolibrary.org/obo/ZP_0015502	endocardium has fewer parts of type endothelial cell, abnormal	http://purl.obolibrary.org/obo/ZFA_0009065	endothelial cell	http://purl.obolibrary.org/obo/ZFA_0001320	endocardium
http://purl.obolibrary.org/obo/ZP_0103274	endocrine pancreas has fewer parts of type endocrine cell, abnormal	http://purl.obolibrary.org/obo/ZFA_0009096	endocrine cell	http://purl.obolibrary.org/obo/ZFA_0001260	endocrine pancreas
http://purl.obolibrary.org/obo/ZP_0005744	endocrine pancreas has fewer parts of type endodermal cell, abnormal	http://purl.obolibrary.org/obo/ZFA_0009139	endodermal cell	http://purl.obolibrary.org/obo/ZFA_0001260	endocrine pancreas
http://purl.obolibrary.org/obo/ZP_0016412	endocrine pancreas has fewer parts of type insulin secreting cell, abnormal	http://purl.obolibrary.org/obo/ZFA_0009101	insulin secreting cell	http://purl.obolibrary.org/obo/ZFA_0001260	endocrine pancreas
http://purl.obolibrary.org/obo/ZP_0102575	endocrine pancreas has fewer parts of type pancreatic A cell, abnormal	http://purl.obolibrary.org/obo/ZFA_0009104	pancreatic A cell	http://purl.obolibrary.org/obo/ZFA_0001260	endocrine pancreas
http://purl.obolibrary.org/obo/ZP_0005742	endocrine pancreas has fewer parts of type pancreatic B cell, abnormal	http://purl.obolibrary.org/obo/ZFA_0009102	pancreatic B cell	http://purl.obolibrary.org/obo/ZFA_0001260	endocrine pancreas
http://purl.obolibrary.org/obo/ZP_0001843	endocrine system has fewer parts of type thyroid follicle, abnormal	http://purl.obolibrary.org/obo/ZFA_0001072	thyroid follicle	http://purl.obolibrary.org/obo/ZFA_0001158	endocrine system
http://purl.obolibrary.org/obo/ZP_0012458	enteric nervous system has fewer parts of type enteric neuron, abnormal	http://purl.obolibrary.org/obo/ZFA_0005775	enteric neuron	http://purl.obolibrary.org/obo/ZFA_0001155	enteric nervous system
http://purl.obolibrary.org/obo/ZP_0015085	enteric nervous system has fewer parts of type neuron, abnormal	http://purl.obolibrary.org/obo/ZFA_0009248	neuron	http://purl.obolibrary.org/obo/ZFA_0001155	enteric nervous system
http://purl.obolibrary.org/obo/ZP_0015086	enteric nervous system has fewer parts of type serotonergic neuron, abnormal	http://purl.obolibrary.org/obo/ZFA_0009361	serotonergic neuron	http://purl.obolibrary.org/obo/ZFA_0001155	enteric nervous system
http://purl.obolibrary.org/obo/ZP_0017533	epidermal basal stratum has fewer parts of type ecto-epithelial cell, abnormal	http://purl.obolibrary.org/obo/ZFA_0009385	ecto-epithelial cell	http://purl.obolibrary.org/obo/ZFA_0001180	epidermal basal stratum
http://purl.obolibrary.org/obo/ZP_0020497	epidermis has fewer parts of type somatic stem cell, abnormal	http://purl.obolibrary.org/obo/ZFA_0009307	somatic stem cell	http://purl.obolibrary.org/obo/ZFA_0000105	epidermis
http://purl.obolibrary.org/obo/ZP_0009827	epiphysis has fewer parts of type photoreceptor cell, abnormal	http://purl.obolibrary.org/obo/ZFA_0009127	photoreceptor cell	http://purl.obolibrary.org/obo/ZFA_0000019	epiphysis
http://purl.obolibrary.org/obo/ZP_0008399	ethmoid cartilage has fewer parts of type chondrocyte, abnormal	http://purl.obolibrary.org/obo/ZFA_0009084	chondrocyte	http://purl.obolibrary.org/obo/ZFA_0001405	ethmoid cartilage
http://purl.obolibrary.org/obo/ZP_0140518	eye has fewer parts of type hyaloid vessel, abnormal	http://purl.obolibrary.org/obo/ZFA_0005046	hyaloid vessel	http://purl.obolibrary.org/obo/ZFA_0000107	eye
http://purl.obolibrary.org/obo/ZP_0011692	eye has fewer parts of type iridophore, abnormal	http://purl.obolibrary.org/obo/ZFA_0009199	iridophore	http://purl.obolibrary.org/obo/ZFA_0000107	eye
http://purl.obolibrary.org/obo/ZP_0018106	facial ganglion has fewer parts of type motor neuron, abnormal	http://purl.obolibrary.org/obo/ZFA_0009052	motor neuron	http://purl.obolibrary.org/obo/ZFA_0001291	facial ganglion
http://purl.obolibrary.org/obo/ZP_0008897	facial nerve motor nucleus has fewer parts of type motor neuron, abnormal	http://purl.obolibrary.org/obo/ZFA_0009052	motor neuron	http://purl.obolibrary.org/obo/ZFA_0000206	facial nerve motor nucleus
http://purl.obolibrary.org/obo/ZP_0103043	female organism has fewer parts of type oocyte stage V, abnormal	http://purl.obolibrary.org/obo/ZFA_0001569	oocyte stage V	http://purl.obolibrary.org/obo/ZFA_0000303	female organism
http://purl.obolibrary.org/obo/ZP_0106156	female organism has fewer parts of type oocyte, abnormal	http://purl.obolibrary.org/obo/ZFA_0001109	oocyte	http://purl.obolibrary.org/obo/ZFA_0000303	female organism
http://purl.obolibrary.org/obo/ZP_0008348	fin has fewer parts of type lepidotrichium, abnormal	http://purl.obolibrary.org/obo/ZFA_0001554	lepidotrichium	http://purl.obolibrary.org/obo/ZFA_0000108	fin
http://purl.obolibrary.org/obo/ZP_0012166	forebrain has fewer parts of type GABAergic neuron, abnormal	http://purl.obolibrary.org/obo/ZFA_0009276	GABAergic neuron	http://purl.obolibrary.org/obo/ZFA_0000109	forebrain
http://purl.obolibrary.org/obo/ZP_0008083	forebrain has fewer parts of type dopaminergic neuron, abnormal	http://purl.obolibrary.org/obo/ZFA_0009301	dopaminergic neuron	http://purl.obolibrary.org/obo/ZFA_0000109	forebrain
http://purl.obolibrary.org/obo/ZP_0005070	forebrain has fewer parts of type neuron, abnormal	http://purl.obolibrary.org/obo/ZFA_0009248	neuron	http://purl.obolibrary.org/obo/ZFA_0000109	forebrain
http://purl.obolibrary.org/obo/ZP_0012164	forebrain has fewer parts of type oligodendrocyte, abnormal	http://purl.obolibrary.org/obo/ZFA_0009076	oligodendrocyte	http://purl.obolibrary.org/obo/ZFA_0000109	forebrain
http://purl.obolibrary.org/obo/ZP_0146295	fourth ventricle has fewer parts of type single ciliated epithelial cell, abnormal	http://purl.obolibrary.org/obo/ZFA_0005243	single ciliated epithelial cell	http://purl.obolibrary.org/obo/ZFA_0000110	fourth ventricle
http://purl.obolibrary.org/obo/ZP_0023044	glomerular basement membrane has fewer parts of type podocyte, abnormal	http://purl.obolibrary.org/obo/ZFA_0009285	podocyte	http://purl.obolibrary.org/obo/ZFA_0005285	glomerular basement membrane
http://purl.obolibrary.org/obo/ZP_0137751	gonad has fewer parts of type ovarian follicle stage II, abnormal	http://purl.obolibrary.org/obo/ZFA_0001265	ovarian follicle stage II	http://purl.obolibrary.org/obo/ZFA_0000413	gonad
http://purl.obolibrary.org/obo/ZP_0104159	granular eminence has fewer parts of type cerebellar granule cell, abnormal	http://purl.obolibrary.org/obo/ZFA_0001691	cerebellar granule cell	http://purl.obolibrary.org/obo/ZFA_0000212	granular eminence
http://purl.obolibrary.org/obo/ZP_0141856	granular layer corpus cerebelli has fewer parts of type cerebellar granule cell, abnormal	http://purl.obolibrary.org/obo/ZFA_0001691	cerebellar granule cell	http://purl.obolibrary.org/obo/ZFA_0000358	granular layer corpus cerebelli
http://purl.obolibrary.org/obo/ZP_0103412	gut has fewer parts of type cell, abnormal	http://purl.obolibrary.org/obo/ZFA_0009000	cell	http://purl.obolibrary.org/obo/ZFA_0000112	gut
http://purl.obolibrary.org/obo/ZP_0011615	gut has fewer parts of type enteric neuron, abnormal	http://purl.obolibrary.org/obo/ZFA_0005775	enteric neuron	http://purl.obolibrary.org/obo/ZFA_0000112	gut
http://purl.obolibrary.org/obo/ZP_0106804	head has fewer parts of type barbel, abnormal	http://purl.obolibrary.org/obo/ZFA_0000622	barbel	http://purl.obolibrary.org/obo/ZFA_0001114	head
http://purl.obolibrary.org/obo/ZP_0143129	head has fewer parts of type eye, abnormal	http://purl.obolibrary.org/obo/ZFA_0000107	eye	http://purl.obolibrary.org/obo/ZFA_0001114	head
http://purl.obolibrary.org/obo/ZP_0017048	head has fewer parts of type glioblast, abnormal	http://purl.obolibrary.org/obo/ZFA_0009010	glioblast	http://purl.obolibrary.org/obo/ZFA_0001114	head
http://purl.obolibrary.org/obo/ZP_0017972	head has fewer parts of type leukocyte, abnormal	http://purl.obolibrary.org/obo/ZFA_0009309	leukocyte	http://purl.obolibrary.org/obo/ZFA_0001114	head
http://purl.obolibrary.org/obo/ZP_0017971	head has fewer parts of type macrophage, abnormal	http://purl.obolibrary.org/obo/ZFA_0009141	macrophage	http://purl.obolibrary.org/obo/ZFA_0001114	head
http://purl.obolibrary.org/obo/ZP_0000804	head has fewer parts of type melanoblast, abnormal	http://purl.obolibrary.org/obo/ZFA_0009249	melanoblast	http://purl.obolibrary.org/obo/ZFA_0001114	head
http://purl.obolibrary.org/obo/ZP_0016493	head has fewer parts of type melanocyte, abnormal	http://purl.obolibrary.org/obo/ZFA_0009091	melanocyte	http://purl.obolibrary.org/obo/ZFA_0001114	head
http://purl.obolibrary.org/obo/ZP_0000803	head has fewer parts of type xanthoblast, abnormal	http://purl.obolibrary.org/obo/ZFA_0005245	xanthoblast	http://purl.obolibrary.org/obo/ZFA_0001114	head
http://purl.obolibrary.org/obo/ZP_0011371	head has fewer parts of type xanthophore, abnormal	http://purl.obolibrary.org/obo/ZFA_0009198	xanthophore	http://purl.obolibrary.org/obo/ZFA_0001114	head
http://purl.obolibrary.org/obo/ZP_0102041	head kidney has fewer parts of type hematopoietic stem cell, abnormal	http://purl.obolibrary.org/obo/ZFA_0009014	hematopoietic stem cell	http://purl.obolibrary.org/obo/ZFA_0000669	head kidney
http://purl.obolibrary.org/obo/ZP_0006048	heart has fewer parts of type cardiac muscle cell, abnormal	http://purl.obolibrary.org/obo/ZFA_0009316	cardiac muscle cell	http://purl.obolibrary.org/obo/ZFA_0000114	heart
http://purl.obolibrary.org/obo/ZP_0142467	heart has fewer parts of type endocardium, abnormal	http://purl.obolibrary.org/obo/ZFA_0001320	endocardium	http://purl.obolibrary.org/obo/ZFA_0000114	heart
http://purl.obolibrary.org/obo/ZP_0014282	heart primordium has fewer parts of type cardiac muscle cell, abnormal	http://purl.obolibrary.org/obo/ZFA_0009316	cardiac muscle cell	http://purl.obolibrary.org/obo/ZFA_0000028	heart primordium
http://purl.obolibrary.org/obo/ZP_0015049	heart rudiment has fewer parts of type cardiac muscle cell, abnormal	http://purl.obolibrary.org/obo/ZFA_0009316	cardiac muscle cell	http://purl.obolibrary.org/obo/ZFA_0000115	heart rudiment
http://purl.obolibrary.org/obo/ZP_0012621	hematopoietic system has fewer parts of type nucleate erythrocyte, abnormal	http://purl.obolibrary.org/obo/ZFA_0009256	nucleate erythrocyte	http://purl.obolibrary.org/obo/ZFA_0005023	hematopoietic system
http://purl.obolibrary.org/obo/ZP_0012622	hematopoietic system has fewer parts of type thrombocyte, abnormal	http://purl.obolibrary.org/obo/ZFA_0009323	thrombocyte	http://purl.obolibrary.org/obo/ZFA_0005023	hematopoietic system
http://purl.obolibrary.org/obo/ZP_0021233	hindbrain has fewer parts of type T interneuron, abnormal	http://purl.obolibrary.org/obo/ZFA_0005815	T interneuron	http://purl.obolibrary.org/obo/ZFA_0000029	hindbrain
http://purl.obolibrary.org/obo/ZP_0004082	hindbrain has fewer parts of type branchiomotor neuron, abnormal	http://purl.obolibrary.org/obo/ZFA_0005731	branchiomotor neuron	http://purl.obolibrary.org/obo/ZFA_0000029	hindbrain
http://purl.obolibrary.org/obo/ZP_0106994	hindbrain has fewer parts of type cranial motor neuron, abnormal	http://purl.obolibrary.org/obo/ZFA_0005730	cranial motor neuron	http://purl.obolibrary.org/obo/ZFA_0000029	hindbrain
http://purl.obolibrary.org/obo/ZP_0106986	hindbrain has fewer parts of type dopaminergic neuron, abnormal	http://purl.obolibrary.org/obo/ZFA_0009301	dopaminergic neuron	http://purl.obolibrary.org/obo/ZFA_0000029	hindbrain
http://purl.obolibrary.org/obo/ZP_0012055	hindbrain has fewer parts of type glioblast (sensu Vertebrata), abnormal	http://purl.obolibrary.org/obo/ZFA_0009169	glioblast (sensu Vertebrata)	http://purl.obolibrary.org/obo/ZFA_0000029	hindbrain
http://purl.obolibrary.org/obo/ZP_0016196	hindbrain has fewer parts of type grey matter, abnormal	http://purl.obolibrary.org/obo/ZFA_0001681	grey matter	http://purl.obolibrary.org/obo/ZFA_0000029	hindbrain
http://purl.obolibrary.org/obo/ZP_0005486	hindbrain has fewer parts of type neuron, abnormal	http://purl.obolibrary.org/obo/ZFA_0009248	neuron	http://purl.obolibrary.org/obo/ZFA_0000029	hindbrain
http://purl.obolibrary.org/obo/ZP_0012054	hindbrain has fewer parts of type oligodendrocyte, abnormal	http://purl.obolibrary.org/obo/ZFA_0009076	oligodendrocyte	http://purl.obolibrary.org/obo/ZFA_0000029	hindbrain
http://purl.obolibrary.org/obo/ZP_0004844	hindbrain has fewer parts of type radial glial cell, abnormal	http://purl.obolibrary.org/obo/ZFA_0009292	radial glial cell	http://purl.obolibrary.org/obo/ZFA_0000029	hindbrain
http://purl.obolibrary.org/obo/ZP_0008081	hindbrain has fewer parts of type serotonergic neuron, abnormal	http://purl.obolibrary.org/obo/ZFA_0009361	serotonergic neuron	http://purl.obolibrary.org/obo/ZFA_0000029	hindbrain
http://purl.obolibrary.org/obo/ZP_0016830	horizontal myoseptum has fewer parts of type vascular lymphangioblast, abnormal	http://purl.obolibrary.org/obo/ZFA_0009395	vascular lymphangioblast	http://purl.obolibrary.org/obo/ZFA_0000671	horizontal myoseptum
http://purl.obolibrary.org/obo/ZP_0013966	hypoblast has fewer parts of type endodermal cell, abnormal	http://purl.obolibrary.org/obo/ZFA_0009139	endodermal cell	http://purl.obolibrary.org/obo/ZFA_0000117	hypoblast
http://purl.obolibrary.org/obo/ZP_0144849	hypodermis has fewer parts of type melanocyte, abnormal	http://purl.obolibrary.org/obo/ZFA_0009091	melanocyte	http://purl.obolibrary.org/obo/ZFA_0001136	hypodermis
http://purl.obolibrary.org/obo/ZP_0015557	hypothalamus has fewer parts of type GABAergic neuron, abnormal	http://purl.obolibrary.org/obo/ZFA_0009276	GABAergic neuron	http://purl.obolibrary.org/obo/ZFA_0000032	hypothalamus
http://purl.obolibrary.org/obo/ZP_0001114	hypothalamus has fewer parts of type dopaminergic neuron, abnormal	http://purl.obolibrary.org/obo/ZFA_0009301	dopaminergic neuron	http://purl.obolibrary.org/obo/ZFA_0000032	hypothalamus
http://purl.obolibrary.org/obo/ZP_0001113	hypothalamus has fewer parts of type neurosecretory neuron, abnormal	http://purl.obolibrary.org/obo/ZFA_0009186	neurosecretory neuron	http://purl.obolibrary.org/obo/ZFA_0000032	hypothalamus
http://purl.obolibrary.org/obo/ZP_0015572	hypothalamus has fewer parts of type radial glial cell, abnormal	http://purl.obolibrary.org/obo/ZFA_0009292	radial glial cell	http://purl.obolibrary.org/obo/ZFA_0000032	hypothalamus
http://purl.obolibrary.org/obo/ZP_0015558	hypothalamus has fewer parts of type serotonergic neuron, abnormal	http://purl.obolibrary.org/obo/ZFA_0009361	serotonergic neuron	http://purl.obolibrary.org/obo/ZFA_0000032	hypothalamus
http://purl.obolibrary.org/obo/ZP_0011270	hypothalamus has fewer parts of type serotonin secreting cell, abnormal	http://purl.obolibrary.org/obo/ZFA_0009213	serotonin secreting cell	http://purl.obolibrary.org/obo/ZFA_0000032	hypothalamus
http://purl.obolibrary.org/obo/ZP_0101714	immature gonad has fewer parts of type germ line cell, abnormal	http://purl.obolibrary.org/obo/ZFA_0009016	germ line cell	http://purl.obolibrary.org/obo/ZFA_0005272	immature gonad
http://purl.obolibrary.org/obo/ZP_0004439	inner ear has fewer parts of type otolith, abnormal	http://purl.obolibrary.org/obo/ZFA_0001617	otolith	http://purl.obolibrary.org/obo/ZFA_0000217	inner ear
http://purl.obolibrary.org/obo/ZP_0020492	integument has fewer parts of type NaK ionocyte, abnormal	http://purl.obolibrary.org/obo/ZFA_0005326	NaK ionocyte	http://purl.obolibrary.org/obo/ZFA_0000368	integument
http://purl.obolibrary.org/obo/ZP_0138263	integument has fewer parts of type melanocyte, abnormal	http://purl.obolibrary.org/obo/ZFA_0009091	melanocyte	http://purl.obolibrary.org/obo/ZFA_0000368	integument
http://purl.obolibrary.org/obo/ZP_0004866	integument has fewer parts of type pigment cell, abnormal	http://purl.obolibrary.org/obo/ZFA_0009090	pigment cell	http://purl.obolibrary.org/obo/ZFA_0000368	integument
http://purl.obolibrary.org/obo/ZP_0020496	integument has fewer parts of type vH ionocyte, abnormal	http://purl.obolibrary.org/obo/ZFA_0005327	vH ionocyte	http://purl.obolibrary.org/obo/ZFA_0000368	integument
http://purl.obolibrary.org/obo/ZP_0010304	intersegmental vessel has fewer parts of type blood vessel endothelial cell, abnormal	http://purl.obolibrary.org/obo/ZFA_0009036	blood vessel endothelial cell	http://purl.obolibrary.org/obo/ZFA_0001285	intersegmental vessel
http://purl.obolibrary.org/obo/ZP_0008568	intersegmental vessel has fewer parts of type cell, abnormal	http://purl.obolibrary.org/obo/ZFA_0009000	cell	http://purl.obolibrary.org/obo/ZFA_0001285	intersegmental vessel
http://purl.obolibrary.org/obo/ZP_0017043	intersegmental vessel has fewer parts of type endothelial cell, abnormal	http://purl.obolibrary.org/obo/ZFA_0009065	endothelial cell	http://purl.obolibrary.org/obo/ZFA_0001285	intersegmental vessel
http://purl.obolibrary.org/obo/ZP_0020029	intestinal bulb has fewer parts of type enteric neuron, abnormal	http://purl.obolibrary.org/obo/ZFA_0005775	enteric neuron	http://purl.obolibrary.org/obo/ZFA_0001076	intestinal bulb
http://purl.obolibrary.org/obo/ZP_0013888	intestinal epithelium has fewer parts of type enterocyte, abnormal	http://purl.obolibrary.org/obo/ZFA_0009269	enterocyte	http://purl.obolibrary.org/obo/ZFA_0005124	intestinal epithelium
http://purl.obolibrary.org/obo/ZP_0007165	intestinal epithelium has fewer parts of type epithelial cell, abnormal	http://purl.obolibrary.org/obo/ZFA_0009034	epithelial cell	http://purl.obolibrary.org/obo/ZFA_0005124	intestinal epithelium
http://purl.obolibrary.org/obo/ZP_0142866	intestinal epithelium has fewer parts of type goblet cell, abnormal	http://purl.obolibrary.org/obo/ZFA_0009094	goblet cell	http://purl.obolibrary.org/obo/ZFA_0005124	intestinal epithelium
http://purl.obolibrary.org/obo/ZP_0011664	intestine has fewer parts of type enteroendocrine cell, abnormal	http://purl.obolibrary.org/obo/ZFA_0009097	enteroendocrine cell	http://purl.obolibrary.org/obo/ZFA_0001338	intestine
http://purl.obolibrary.org/obo/ZP_0008773	intestine has fewer parts of type goblet cell, abnormal	http://purl.obolibrary.org/obo/ZFA_0009094	goblet cell	http://purl.obolibrary.org/obo/ZFA_0001338	intestine
http://purl.obolibrary.org/obo/ZP_0015616	jaw flap has fewer parts of type breeding tubercle, abnormal	http://purl.obolibrary.org/obo/ZFA_0005791	breeding tubercle	http://purl.obolibrary.org/obo/ZFA_0005792	jaw flap
http://purl.obolibrary.org/obo/ZP_0138349	lateral facial lymph vessel has fewer parts of type endothelial cell, abnormal	http://purl.obolibrary.org/obo/ZFA_0009065	endothelial cell	http://purl.obolibrary.org/obo/ZFA_0005837	lateral facial lymph vessel
http://purl.obolibrary.org/obo/ZP_0004585	lateral larval melanophore stripe has fewer parts of type melanocyte, abnormal	http://purl.obolibrary.org/obo/ZFA_0009091	melanocyte	http://purl.obolibrary.org/obo/ZFA_0005223	lateral larval melanophore stripe
http://purl.obolibrary.org/obo/ZP_0019881	lateral line has fewer parts of type neuromast, abnormal	http://purl.obolibrary.org/obo/ZFA_0000243	neuromast	http://purl.obolibrary.org/obo/ZFA_0001469	lateral line
http://purl.obolibrary.org/obo/ZP_0008831	levator operculi has fewer parts of type skeletal muscle cell, abnormal	http://purl.obolibrary.org/obo/ZFA_0009115	skeletal muscle cell	http://purl.obolibrary.org/obo/ZFA_0000537	levator operculi
http://purl.obolibrary.org/obo/ZP_0014500	liver has fewer parts of type bile ductule, abnormal	http://purl.obolibrary.org/obo/ZFA_0005164	bile ductule	http://purl.obolibrary.org/obo/ZFA_0000123	liver
http://purl.obolibrary.org/obo/ZP_0010744	liver has fewer parts of type hepatocyte, abnormal	http://purl.obolibrary.org/obo/ZFA_0009111	hepatocyte	http://purl.obolibrary.org/obo/ZFA_0000123	liver
http://purl.obolibrary.org/obo/ZP_0101672	liver has fewer parts of type intrahepatic bile duct, abnormal	http://purl.obolibrary.org/obo/ZFA_0005169	intrahepatic bile duct	http://purl.obolibrary.org/obo/ZFA_0000123	liver
http://purl.obolibrary.org/obo/ZP_0007363	locus coeruleus has fewer parts of type dopaminergic neuron, abnormal	http://purl.obolibrary.org/obo/ZFA_0009301	dopaminergic neuron	http://purl.obolibrary.org/obo/ZFA_0000539	locus coeruleus
http://purl.obolibrary.org/obo/ZP_0008085	locus coeruleus has fewer parts of type norepinephrine secreting cell, abnormal	http://purl.obolibrary.org/obo/ZFA_0009214	norepinephrine secreting cell	http://purl.obolibrary.org/obo/ZFA_0000539	locus coeruleus
http://purl.obolibrary.org/obo/ZP_0014919	macula has fewer parts of type hair cell, abnormal	http://purl.obolibrary.org/obo/ZFA_0009366	hair cell	http://purl.obolibrary.org/obo/ZFA_0000386	macula
http://purl.obolibrary.org/obo/ZP_0138544	macula lagena has fewer parts of type hair cell, abnormal	http://purl.obolibrary.org/obo/ZFA_0009366	hair cell	http://purl.obolibrary.org/obo/ZFA_0000116	macula lagena
http://purl.obolibrary.org/obo/ZP_0000858	macula saccule has fewer parts of type hair cell, abnormal	http://purl.obolibrary.org/obo/ZFA_0009366	hair cell	http://purl.obolibrary.org/obo/ZFA_0007000	macula saccule
http://purl.obolibrary.org/obo/ZP_0000853	macula utricle has fewer parts of type hair cell, abnormal	http://purl.obolibrary.org/obo/ZFA_0009366	hair cell	http://purl.obolibrary.org/obo/ZFA_0000030	macula utricle
http://purl.obolibrary.org/obo/ZP_0020923	mandibular arch skeleton has fewer parts of type cartilage element, abnormal	http://purl.obolibrary.org/obo/ZFA_0001501	cartilage element	http://purl.obolibrary.org/obo/ZFA_0001227	mandibular arch skeleton
http://purl.obolibrary.org/obo/ZP_0104162	medial caudal lobe has fewer parts of type cerebellar granule cell, abnormal	http://purl.obolibrary.org/obo/ZFA_0001691	cerebellar granule cell	http://purl.obolibrary.org/obo/ZFA_0000388	medial caudal lobe
http://purl.obolibrary.org/obo/ZP_0138353	medial facial lymph vessel has fewer parts of type endothelial cell, abnormal	http://purl.obolibrary.org/obo/ZFA_0009065	endothelial cell	http://purl.obolibrary.org/obo/ZFA_0005839	medial facial lymph vessel
http://purl.obolibrary.org/obo/ZP_0012649	melanophore stripe has fewer parts of type melanocyte, abnormal	http://purl.obolibrary.org/obo/ZFA_0009091	melanocyte	http://purl.obolibrary.org/obo/ZFA_0001463	melanophore stripe
http://purl.obolibrary.org/obo/ZP_0020038	mid intestine has fewer parts of type enteric neuron, abnormal	http://purl.obolibrary.org/obo/ZFA_0005775	enteric neuron	http://purl.obolibrary.org/obo/ZFA_0001323	mid intestine
http://purl.obolibrary.org/obo/ZP_0106995	midbrain has fewer parts of type cranial motor neuron, abnormal	http://purl.obolibrary.org/obo/ZFA_0005730	cranial motor neuron	http://purl.obolibrary.org/obo/ZFA_0000128	midbrain
http://purl.obolibrary.org/obo/ZP_0106987	midbrain has fewer parts of type dopaminergic neuron, abnormal	http://purl.obolibrary.org/obo/ZFA_0009301	dopaminergic neuron	http://purl.obolibrary.org/obo/ZFA_0000128	midbrain
http://purl.obolibrary.org/obo/ZP_0102216	motor neuron has fewer parts of type myelinating Schwann cell, abnormal	http://purl.obolibrary.org/obo/ZFA_0009135	myelinating Schwann cell	http://purl.obolibrary.org/obo/ZFA_0009052	motor neuron
http://purl.obolibrary.org/obo/ZP_0021401	myotome has fewer parts of type fast muscle cell, abnormal	http://purl.obolibrary.org/obo/ZFA_0009117	fast muscle cell	http://purl.obolibrary.org/obo/ZFA_0001056	myotome
http://purl.obolibrary.org/obo/ZP_0021687	myotome has fewer parts of type slow muscle cell, abnormal	http://purl.obolibrary.org/obo/ZFA_0009116	slow muscle cell	http://purl.obolibrary.org/obo/ZFA_0001056	myotome
http://purl.obolibrary.org/obo/ZP_0017584	nervous system has fewer parts of type glioblast, abnormal	http://purl.obolibrary.org/obo/ZFA_0009010	glioblast	http://purl.obolibrary.org/obo/ZFA_0000396	nervous system
http://purl.obolibrary.org/obo/ZP_0011526	neurocranium has fewer parts of type neurocranial trabecula, abnormal	http://purl.obolibrary.org/obo/ZFA_0001321	neurocranial trabecula	http://purl.obolibrary.org/obo/ZFA_0001580	neurocranium
http://purl.obolibrary.org/obo/ZP_0004382	neuromast has fewer parts of type hair cell, abnormal	http://purl.obolibrary.org/obo/ZFA_0009366	hair cell	http://purl.obolibrary.org/obo/ZFA_0000243	neuromast
http://purl.obolibrary.org/obo/ZP_0010579	neuromast has fewer parts of type neuromast hair cell, abnormal	http://purl.obolibrary.org/obo/ZFA_0009367	neuromast hair cell	http://purl.obolibrary.org/obo/ZFA_0000243	neuromast
http://purl.obolibrary.org/obo/ZP_0010354	notochord posterior region has fewer parts of type cell, abnormal	http://purl.obolibrary.org/obo/ZFA_0009000	cell	http://purl.obolibrary.org/obo/ZFA_0001670	notochord posterior region
http://purl.obolibrary.org/obo/ZP_0017929	nucleus of the medial longitudinal fasciculus synencephalon has fewer parts of type neuron, abnormal	http://purl.obolibrary.org/obo/ZFA_0009248	neuron	http://purl.obolibrary.org/obo/ZFA_0000941	nucleus of the medial longitudinal fasciculus synencephalon
http://purl.obolibrary.org/obo/ZP_0010430	oculomotor nucleus has fewer parts of type neuron, abnormal	http://purl.obolibrary.org/obo/ZFA_0009248	neuron	http://purl.obolibrary.org/obo/ZFA_0000553	oculomotor nucleus
http://purl.obolibrary.org/obo/ZP_0105867	olfactory bulb has fewer parts of type dopaminergic neuron, abnormal	http://purl.obolibrary.org/obo/ZFA_0009301	dopaminergic neuron	http://purl.obolibrary.org/obo/ZFA_0000402	olfactory bulb
http://purl.obolibrary.org/obo/ZP_0104253	opercular flap has fewer parts of type iridophore, abnormal	http://purl.obolibrary.org/obo/ZFA_0009199	iridophore	http://purl.obolibrary.org/obo/ZFA_0000555	opercular flap
http://purl.obolibrary.org/obo/ZP_0004900	optic cup has fewer parts of type radial glial cell, abnormal	http://purl.obolibrary.org/obo/ZFA_0009292	radial glial cell	http://purl.obolibrary.org/obo/ZFA_0001202	optic cup
http://purl.obolibrary.org/obo/ZP_0010376	oral epithelium has fewer parts of type taste bud, abnormal	http://purl.obolibrary.org/obo/ZFA_0001074	taste bud	http://purl.obolibrary.org/obo/ZFA_0000816	oral epithelium
http://purl.obolibrary.org/obo/ZP_0012692	otic vesicle has fewer parts of type auditory epithelial support cell, abnormal	http://purl.obolibrary.org/obo/ZFA_0005244	auditory epithelial support cell	http://purl.obolibrary.org/obo/ZFA_0000051	otic vesicle
http://purl.obolibrary.org/obo/ZP_0010439	otic vesicle has fewer parts of type hair cell, abnormal	http://purl.obolibrary.org/obo/ZFA_0009366	hair cell	http://purl.obolibrary.org/obo/ZFA_0000051	otic vesicle
http://purl.obolibrary.org/obo/ZP_0010988	otic vesicle has fewer parts of type immature macula, abnormal	http://purl.obolibrary.org/obo/ZFA_0001095	immature macula	http://purl.obolibrary.org/obo/ZFA_0000051	otic vesicle
http://purl.obolibrary.org/obo/ZP_0142415	otic vesicle has fewer parts of type neuroblast (sensu Vertebrata), abnormal	http://purl.obolibrary.org/obo/ZFA_0009168	neuroblast (sensu Vertebrata)	http://purl.obolibrary.org/obo/ZFA_0000051	otic vesicle
http://purl.obolibrary.org/obo/ZP_0009090	otic vesicle has fewer parts of type otolith, abnormal	http://purl.obolibrary.org/obo/ZFA_0001617	otolith	http://purl.obolibrary.org/obo/ZFA_0000051	otic vesicle
http://purl.obolibrary.org/obo/ZP_0005730	otolith organ has fewer parts of type otolith, abnormal	http://purl.obolibrary.org/obo/ZFA_0001617	otolith	http://purl.obolibrary.org/obo/ZFA_0000559	otolith organ
http://purl.obolibrary.org/obo/ZP_0138351	otolithic lymph vessel has fewer parts of type endothelial cell, abnormal	http://purl.obolibrary.org/obo/ZFA_0009065	endothelial cell	http://purl.obolibrary.org/obo/ZFA_0005838	otolithic lymph vessel
http://purl.obolibrary.org/obo/ZP_0142156	ovary has fewer parts of type oocyte stage V, abnormal	http://purl.obolibrary.org/obo/ZFA_0001569	oocyte stage V	http://purl.obolibrary.org/obo/ZFA_0000403	ovary
http://purl.obolibrary.org/obo/ZP_0106159	ovary has fewer parts of type oocyte, abnormal	http://purl.obolibrary.org/obo/ZFA_0001109	oocyte	http://purl.obolibrary.org/obo/ZFA_0000403	ovary
http://purl.obolibrary.org/obo/ZP_0137637	ovary has fewer parts of type ovarian follicle stage III, abnormal	http://purl.obolibrary.org/obo/ZFA_0001266	ovarian follicle stage III	http://purl.obolibrary.org/obo/ZFA_0000403	ovary
http://purl.obolibrary.org/obo/ZP_0103044	ovary has fewer parts of type ovarian follicle stage IV, abnormal	http://purl.obolibrary.org/obo/ZFA_0001264	ovarian follicle stage IV	http://purl.obolibrary.org/obo/ZFA_0000403	ovary
http://purl.obolibrary.org/obo/ZP_0016677	pancreas has fewer parts of type pancreatic B cell, abnormal	http://purl.obolibrary.org/obo/ZFA_0009102	pancreatic B cell	http://purl.obolibrary.org/obo/ZFA_0000140	pancreas
http://purl.obolibrary.org/obo/ZP_0015418	pancreas has fewer parts of type secondary islet, abnormal	http://purl.obolibrary.org/obo/ZFA_0005756	secondary islet	http://purl.obolibrary.org/obo/ZFA_0000140	pancreas
http://purl.obolibrary.org/obo/ZP_0006687	pancreas primordium has fewer parts of type endocrine cell, abnormal	http://purl.obolibrary.org/obo/ZFA_0009096	endocrine cell	http://purl.obolibrary.org/obo/ZFA_0000254	pancreas primordium
http://purl.obolibrary.org/obo/ZP_0006688	pancreatic bud has fewer parts of type endocrine cell, abnormal	http://purl.obolibrary.org/obo/ZFA_0009096	endocrine cell	http://purl.obolibrary.org/obo/ZFA_0001390	pancreatic bud
http://purl.obolibrary.org/obo/ZP_0006691	pancreatic bud has fewer parts of type pancreatic A cell, abnormal	http://purl.obolibrary.org/obo/ZFA_0009104	pancreatic A cell	http://purl.obolibrary.org/obo/ZFA_0001390	pancreatic bud
http://purl.obolibrary.org/obo/ZP_0006689	pancreatic bud has fewer parts of type pancreatic B cell, abnormal	http://purl.obolibrary.org/obo/ZFA_0009102	pancreatic B cell	http://purl.obolibrary.org/obo/ZFA_0001390	pancreatic bud
http://purl.obolibrary.org/obo/ZP_0001099	pancreatic duct has fewer parts of type cell, abnormal	http://purl.obolibrary.org/obo/ZFA_0009000	cell	http://purl.obolibrary.org/obo/ZFA_0001372	pancreatic duct
http://purl.obolibrary.org/obo/ZP_0012524	parapineal organ has fewer parts of type cell, abnormal	http://purl.obolibrary.org/obo/ZFA_0009000	cell	http://purl.obolibrary.org/obo/ZFA_0001360	parapineal organ
http://purl.obolibrary.org/obo/ZP_0004697	pectoral fin has fewer parts of type lepidotrichium, abnormal	http://purl.obolibrary.org/obo/ZFA_0001554	lepidotrichium	http://purl.obolibrary.org/obo/ZFA_0001161	pectoral fin
http://purl.obolibrary.org/obo/ZP_0015738	pectoral fin skeleton has fewer parts of type lepidotrichium, abnormal	http://purl.obolibrary.org/obo/ZFA_0001554	lepidotrichium	http://purl.obolibrary.org/obo/ZFA_0000943	pectoral fin skeleton
http://purl.obolibrary.org/obo/ZP_0015740	pelvic fin has fewer parts of type lepidotrichium, abnormal	http://purl.obolibrary.org/obo/ZFA_0001554	lepidotrichium	http://purl.obolibrary.org/obo/ZFA_0001184	pelvic fin
http://purl.obolibrary.org/obo/ZP_0015741	pelvic fin skeleton has fewer parts of type lepidotrichium, abnormal	http://purl.obolibrary.org/obo/ZFA_0001554	lepidotrichium	http://purl.obolibrary.org/obo/ZFA_0001387	pelvic fin skeleton
http://purl.obolibrary.org/obo/ZP_0147255	peripheral nervous system has fewer parts of type dorsal root ganglion, abnormal	http://purl.obolibrary.org/obo/ZFA_0000200	dorsal root ganglion	http://purl.obolibrary.org/obo/ZFA_0000142	peripheral nervous system
http://purl.obolibrary.org/obo/ZP_0102215	peripheral nervous system has fewer parts of type myelinating Schwann cell, abnormal	http://purl.obolibrary.org/obo/ZFA_0009135	myelinating Schwann cell	http://purl.obolibrary.org/obo/ZFA_0000142	peripheral nervous system
http://purl.obolibrary.org/obo/ZP_0106981	peripheral nervous system has fewer parts of type peripheral neuron, abnormal	http://purl.obolibrary.org/obo/ZFA_0009063	peripheral neuron	http://purl.obolibrary.org/obo/ZFA_0000142	peripheral nervous system
http://purl.obolibrary.org/obo/ZP_0012222	peripheral olfactory organ has fewer parts of type ciliated olfactory receptor neuron, abnormal	http://purl.obolibrary.org/obo/ZFA_0009358	ciliated olfactory receptor neuron	http://purl.obolibrary.org/obo/ZFA_0000047	peripheral olfactory organ
http://purl.obolibrary.org/obo/ZP_0006678	periventricular nucleus of caudal tuberculum has fewer parts of type dopaminergic neuron, abnormal	http://purl.obolibrary.org/obo/ZFA_0009301	dopaminergic neuron	http://purl.obolibrary.org/obo/ZFA_0000408	periventricular nucleus of caudal tuberculum
http://purl.obolibrary.org/obo/ZP_0011468	pharyngeal arch 1 has fewer parts of type chondrocyte, abnormal	http://purl.obolibrary.org/obo/ZFA_0009084	chondrocyte	http://purl.obolibrary.org/obo/ZFA_0001612	pharyngeal arch 1
http://purl.obolibrary.org/obo/ZP_0020145	pharyngeal arch 3 has fewer parts of type chondroblast, abnormal	http://purl.obolibrary.org/obo/ZFA_0009027	chondroblast	http://purl.obolibrary.org/obo/ZFA_0001606	pharyngeal arch 3
http://purl.obolibrary.org/obo/ZP_0020151	pharyngeal arch 3 has fewer parts of type cranial neural crest, abnormal	http://purl.obolibrary.org/obo/ZFA_0001194	cranial neural crest	http://purl.obolibrary.org/obo/ZFA_0001606	pharyngeal arch 3
http://purl.obolibrary.org/obo/ZP_0102975	pharyngeal arch 3-7 has fewer parts of type ectomesenchyme, abnormal	http://purl.obolibrary.org/obo/ZFA_0005771	ectomesenchyme	http://purl.obolibrary.org/obo/ZFA_0001613	pharyngeal arch 3-7
http://purl.obolibrary.org/obo/ZP_0001947	pharyngeal arch 3-7 skeleton has fewer parts of type ceratobranchial cartilage, abnormal	http://purl.obolibrary.org/obo/ZFA_0001516	ceratobranchial cartilage	http://purl.obolibrary.org/obo/ZFA_0000095	pharyngeal arch 3-7 skeleton
http://purl.obolibrary.org/obo/ZP_0010091	pharyngeal arch 3-7 skeleton has fewer parts of type pharyngeal arch cartilage, abnormal	http://purl.obolibrary.org/obo/ZFA_0001460	pharyngeal arch cartilage	http://purl.obolibrary.org/obo/ZFA_0000095	pharyngeal arch 3-7 skeleton
http://purl.obolibrary.org/obo/ZP_0019343	pharyngeal arch 4 has fewer parts of type cranial neural crest, abnormal	http://purl.obolibrary.org/obo/ZFA_0001194	cranial neural crest	http://purl.obolibrary.org/obo/ZFA_0001607	pharyngeal arch 4
http://purl.obolibrary.org/obo/ZP_0022179	pharyngeal arch 5 has fewer parts of type chondroblast, abnormal	http://purl.obolibrary.org/obo/ZFA_0009027	chondroblast	http://purl.obolibrary.org/obo/ZFA_0001608	pharyngeal arch 5
http://purl.obolibrary.org/obo/ZP_0020149	pharyngeal arch 5 has fewer parts of type cranial neural crest, abnormal	http://purl.obolibrary.org/obo/ZFA_0001194	cranial neural crest	http://purl.obolibrary.org/obo/ZFA_0001608	pharyngeal arch 5
http://purl.obolibrary.org/obo/ZP_0022180	pharyngeal arch 6 has fewer parts of type chondroblast, abnormal	http://purl.obolibrary.org/obo/ZFA_0009027	chondroblast	http://purl.obolibrary.org/obo/ZFA_0001609	pharyngeal arch 6
http://purl.obolibrary.org/obo/ZP_0020144	pharyngeal arch 6 has fewer parts of type cranial neural crest, abnormal	http://purl.obolibrary.org/obo/ZFA_0001194	cranial neural crest	http://purl.obolibrary.org/obo/ZFA_0001609	pharyngeal arch 6
http://purl.obolibrary.org/obo/ZP_0017816	pharyngeal arch cartilage has fewer parts of type ceratobranchial cartilage, abnormal	http://purl.obolibrary.org/obo/ZFA_0001516	ceratobranchial cartilage	http://purl.obolibrary.org/obo/ZFA_0001460	pharyngeal arch cartilage
http://purl.obolibrary.org/obo/ZP_0104515	pharyngeal arch has fewer parts of type angioblastic mesenchymal cell, abnormal	http://purl.obolibrary.org/obo/ZFA_0009258	angioblastic mesenchymal cell	http://purl.obolibrary.org/obo/ZFA_0001306	pharyngeal arch
http://purl.obolibrary.org/obo/ZP_0011316	pharyngeal arch has fewer parts of type neuron, abnormal	http://purl.obolibrary.org/obo/ZFA_0009248	neuron	http://purl.obolibrary.org/obo/ZFA_0001306	pharyngeal arch
http://purl.obolibrary.org/obo/ZP_0012402	pharyngeal vasculature has fewer parts of type blood vessel endothelial cell, abnormal	http://purl.obolibrary.org/obo/ZFA_0009036	blood vessel endothelial cell	http://purl.obolibrary.org/obo/ZFA_0005003	pharyngeal vasculature
http://purl.obolibrary.org/obo/ZP_0007284	pharyngeal vasculature has fewer parts of type vascular associated smooth muscle cell, abnormal	http://purl.obolibrary.org/obo/ZFA_0009181	vascular associated smooth muscle cell	http://purl.obolibrary.org/obo/ZFA_0005003	pharyngeal vasculature
http://purl.obolibrary.org/obo/ZP_0008761	pharynx has fewer parts of type goblet cell, abnormal	http://purl.obolibrary.org/obo/ZFA_0009094	goblet cell	http://purl.obolibrary.org/obo/ZFA_0000056	pharynx
http://purl.obolibrary.org/obo/ZP_0016809	pineal complex has fewer parts of type photoreceptor cell, abnormal	http://purl.obolibrary.org/obo/ZFA_0009127	photoreceptor cell	http://purl.obolibrary.org/obo/ZFA_0001359	pineal complex
http://purl.obolibrary.org/obo/ZP_0140189	post-vent region has fewer parts of type iridophore, abnormal	http://purl.obolibrary.org/obo/ZFA_0009199	iridophore	http://purl.obolibrary.org/obo/ZFA_0001117	post-vent region
http://purl.obolibrary.org/obo/ZP_0014288	post-vent region has fewer parts of type macrophage, abnormal	http://purl.obolibrary.org/obo/ZFA_0009141	macrophage	http://purl.obolibrary.org/obo/ZFA_0001117	post-vent region
http://purl.obolibrary.org/obo/ZP_0008161	post-vent region has fewer parts of type mesoderm, abnormal	http://purl.obolibrary.org/obo/ZFA_0000041	mesoderm	http://purl.obolibrary.org/obo/ZFA_0001117	post-vent region
http://purl.obolibrary.org/obo/ZP_0001146	post-vent region has fewer parts of type somite, abnormal	http://purl.obolibrary.org/obo/ZFA_0000155	somite	http://purl.obolibrary.org/obo/ZFA_0001117	post-vent region
http://purl.obolibrary.org/obo/ZP_0016119	postcranial axial skeleton has fewer parts of type neural arch, abnormal	http://purl.obolibrary.org/obo/ZFA_0001066	neural arch	http://purl.obolibrary.org/obo/ZFA_0000317	postcranial axial skeleton
http://purl.obolibrary.org/obo/ZP_0147190	posterior communicating artery has fewer parts of type vascular associated smooth muscle cell, abnormal	http://purl.obolibrary.org/obo/ZFA_0009181	vascular associated smooth muscle cell	http://purl.obolibrary.org/obo/ZFA_0005001	posterior communicating artery
http://purl.obolibrary.org/obo/ZP_0020039	posterior intestine has fewer parts of type enteric neuron, abnormal	http://purl.obolibrary.org/obo/ZFA_0005775	enteric neuron	http://purl.obolibrary.org/obo/ZFA_0000706	posterior intestine
http://purl.obolibrary.org/obo/ZP_0139723	posterior lateral line ganglion has fewer parts of type neuron, abnormal	http://purl.obolibrary.org/obo/ZFA_0009248	neuron	http://purl.obolibrary.org/obo/ZFA_0001314	posterior lateral line ganglion
http://purl.obolibrary.org/obo/ZP_0012273	posterior lateral line has fewer parts of type neuromast, abnormal	http://purl.obolibrary.org/obo/ZFA_0000243	neuromast	http://purl.obolibrary.org/obo/ZFA_0000944	posterior lateral line
http://purl.obolibrary.org/obo/ZP_0002148	posterior lateral line has fewer parts of type posterior lateral line neuromast, abnormal	http://purl.obolibrary.org/obo/ZFA_0000940	posterior lateral line neuromast	http://purl.obolibrary.org/obo/ZFA_0000944	posterior lateral line
http://purl.obolibrary.org/obo/ZP_0007386	posterior lateral line nerve has fewer parts of type glial cell, abnormal	http://purl.obolibrary.org/obo/ZFA_0009073	glial cell	http://purl.obolibrary.org/obo/ZFA_0000175	posterior lateral line nerve
http://purl.obolibrary.org/obo/ZP_0106125	posterior lateral line neuromast has fewer parts of type hair cell, abnormal	http://purl.obolibrary.org/obo/ZFA_0009366	hair cell	http://purl.obolibrary.org/obo/ZFA_0000940	posterior lateral line neuromast
http://purl.obolibrary.org/obo/ZP_0003448	posterior lateral line neuromast has fewer parts of type neuromast hair cell, abnormal	http://purl.obolibrary.org/obo/ZFA_0009367	neuromast hair cell	http://purl.obolibrary.org/obo/ZFA_0000940	posterior lateral line neuromast
http://purl.obolibrary.org/obo/ZP_0106138	posterior lateral line primordium has fewer parts of type cell, abnormal	http://purl.obolibrary.org/obo/ZFA_0009000	cell	http://purl.obolibrary.org/obo/ZFA_0001157	posterior lateral line primordium
http://purl.obolibrary.org/obo/ZP_0146810	posterior lateral line system has fewer parts of type posterior lateral line neuromast, abnormal	http://purl.obolibrary.org/obo/ZFA_0000940	posterior lateral line neuromast	http://purl.obolibrary.org/obo/ZFA_0001471	posterior lateral line system
http://purl.obolibrary.org/obo/ZP_0012739	posterior macula has fewer parts of type hair cell, abnormal	http://purl.obolibrary.org/obo/ZFA_0009366	hair cell	http://purl.obolibrary.org/obo/ZFA_0000558	posterior macula
http://purl.obolibrary.org/obo/ZP_0005748	posterior pancreatic bud has fewer parts of type pancreatic B cell, abnormal	http://purl.obolibrary.org/obo/ZFA_0009102	pancreatic B cell	http://purl.obolibrary.org/obo/ZFA_0001370	posterior pancreatic bud
http://purl.obolibrary.org/obo/ZP_0011511	postoptic commissure has fewer parts of type astrocyte, abnormal	http://purl.obolibrary.org/obo/ZFA_0009075	astrocyte	http://purl.obolibrary.org/obo/ZFA_0000059	postoptic commissure
http://purl.obolibrary.org/obo/ZP_0105868	preoptic area has fewer parts of type dopaminergic neuron, abnormal	http://purl.obolibrary.org/obo/ZFA_0009301	dopaminergic neuron	http://purl.obolibrary.org/obo/ZFA_0000470	preoptic area
http://purl.obolibrary.org/obo/ZP_0007362	pretectum has fewer parts of type dopaminergic neuron, abnormal	http://purl.obolibrary.org/obo/ZFA_0009301	dopaminergic neuron	http://purl.obolibrary.org/obo/ZFA_0000418	pretectum
http://purl.obolibrary.org/obo/ZP_0019074	primary islet has fewer parts of type pancreatic B cell, abnormal	http://purl.obolibrary.org/obo/ZFA_0009102	pancreatic B cell	http://purl.obolibrary.org/obo/ZFA_0005754	primary islet
http://purl.obolibrary.org/obo/ZP_0145131	primitive pectoral fin abductor has fewer parts of type skeletal muscle cell, abnormal	http://purl.obolibrary.org/obo/ZFA_0009115	skeletal muscle cell	http://purl.obolibrary.org/obo/ZFA_0005651	primitive pectoral fin abductor
http://purl.obolibrary.org/obo/ZP_0145130	primitive pectoral fin adductor has fewer parts of type skeletal muscle cell, abnormal	http://purl.obolibrary.org/obo/ZFA_0009115	skeletal muscle cell	http://purl.obolibrary.org/obo/ZFA_0005650	primitive pectoral fin adductor
http://purl.obolibrary.org/obo/ZP_0104392	pronephric glomerulus has fewer parts of type pronephric podocyte, abnormal	http://purl.obolibrary.org/obo/ZFA_0001673	pronephric podocyte	http://purl.obolibrary.org/obo/ZFA_0001557	pronephric glomerulus
http://purl.obolibrary.org/obo/ZP_0017890	pronephros has fewer parts of type cell, abnormal	http://purl.obolibrary.org/obo/ZFA_0009000	cell	http://purl.obolibrary.org/obo/ZFA_0000151	pronephros
http://purl.obolibrary.org/obo/ZP_0014444	regenerating fin has fewer parts of type neutrophil, abnormal	http://purl.obolibrary.org/obo/ZFA_0009327	neutrophil	http://purl.obolibrary.org/obo/ZFA_0001269	regenerating fin
http://purl.obolibrary.org/obo/ZP_0014786	retina has fewer parts of type Muller cell, abnormal	http://purl.obolibrary.org/obo/ZFA_0009280	Muller cell	http://purl.obolibrary.org/obo/ZFA_0000152	retina
http://purl.obolibrary.org/obo/ZP_0012562	retina has fewer parts of type UV sensitive photoreceptor cell, abnormal	http://purl.obolibrary.org/obo/ZFA_0009221	UV sensitive photoreceptor cell	http://purl.obolibrary.org/obo/ZFA_0000152	retina
http://purl.obolibrary.org/obo/ZP_0005359	retina has fewer parts of type amacrine cell, abnormal	http://purl.obolibrary.org/obo/ZFA_0009255	amacrine cell	http://purl.obolibrary.org/obo/ZFA_0000152	retina
http://purl.obolibrary.org/obo/ZP_0012414	retina has fewer parts of type blue sensitive photoreceptor cell, abnormal	http://purl.obolibrary.org/obo/ZFA_0009222	blue sensitive photoreceptor cell	http://purl.obolibrary.org/obo/ZFA_0000152	retina
http://purl.obolibrary.org/obo/ZP_0011875	retina has fewer parts of type cell, abnormal	http://purl.obolibrary.org/obo/ZFA_0009000	cell	http://purl.obolibrary.org/obo/ZFA_0000152	retina
http://purl.obolibrary.org/obo/ZP_0003337	retina has fewer parts of type eye photoreceptor cell, abnormal	http://purl.obolibrary.org/obo/ZFA_0009154	eye photoreceptor cell	http://purl.obolibrary.org/obo/ZFA_0000152	retina
http://purl.obolibrary.org/obo/ZP_0146026	retina has fewer parts of type microglial cell, abnormal	http://purl.obolibrary.org/obo/ZFA_0009077	microglial cell	http://purl.obolibrary.org/obo/ZFA_0000152	retina
http://purl.obolibrary.org/obo/ZP_0146994	retina has fewer parts of type neuron, abnormal	http://purl.obolibrary.org/obo/ZFA_0009248	neuron	http://purl.obolibrary.org/obo/ZFA_0000152	retina
http://purl.obolibrary.org/obo/ZP_0005994	retina has fewer parts of type retinal cone cell, abnormal	http://purl.obolibrary.org/obo/ZFA_0009262	retinal cone cell	http://purl.obolibrary.org/obo/ZFA_0000152	retina
http://purl.obolibrary.org/obo/ZP_0011707	retina has fewer parts of type retinal ganglion cell, abnormal	http://purl.obolibrary.org/obo/ZFA_0009310	retinal ganglion cell	http://purl.obolibrary.org/obo/ZFA_0000152	retina
http://purl.obolibrary.org/obo/ZP_0014759	retina has fewer parts of type retinal rod cell, abnormal	http://purl.obolibrary.org/obo/ZFA_0009275	retinal rod cell	http://purl.obolibrary.org/obo/ZFA_0000152	retina
http://purl.obolibrary.org/obo/ZP_0017884	retina has fewer parts of type somatic stem cell, abnormal	http://purl.obolibrary.org/obo/ZFA_0009307	somatic stem cell	http://purl.obolibrary.org/obo/ZFA_0000152	retina
http://purl.obolibrary.org/obo/ZP_0012373	retinal ganglion cell layer has fewer parts of type retinal ganglion cell, abnormal	http://purl.obolibrary.org/obo/ZFA_0009310	retinal ganglion cell	http://purl.obolibrary.org/obo/ZFA_0000024	retinal ganglion cell layer
http://purl.obolibrary.org/obo/ZP_0007360	retinal inner nuclear layer has fewer parts of type amacrine cell, abnormal	http://purl.obolibrary.org/obo/ZFA_0009255	amacrine cell	http://purl.obolibrary.org/obo/ZFA_0000119	retinal inner nuclear layer
http://purl.obolibrary.org/obo/ZP_0100849	retinal inner nuclear layer has fewer parts of type dopaminergic neuron, abnormal	http://purl.obolibrary.org/obo/ZFA_0009301	dopaminergic neuron	http://purl.obolibrary.org/obo/ZFA_0000119	retinal inner nuclear layer
http://purl.obolibrary.org/obo/ZP_0137911	retinal inner nuclear layer has fewer parts of type interneuron, abnormal	http://purl.obolibrary.org/obo/ZFA_0009051	interneuron	http://purl.obolibrary.org/obo/ZFA_0000119	retinal inner nuclear layer
http://purl.obolibrary.org/obo/ZP_0015422	retinal inner nuclear layer has fewer parts of type neuroblast (sensu Vertebrata), abnormal	http://purl.obolibrary.org/obo/ZFA_0009168	neuroblast (sensu Vertebrata)	http://purl.obolibrary.org/obo/ZFA_0000119	retinal inner nuclear layer
http://purl.obolibrary.org/obo/ZP_0146209	retinal inner plexiform layer has fewer parts of type microglial cell, abnormal	http://purl.obolibrary.org/obo/ZFA_0009077	microglial cell	http://purl.obolibrary.org/obo/ZFA_0001329	retinal inner plexiform layer
http://purl.obolibrary.org/obo/ZP_0145938	retinal neural layer has fewer parts of type microglial cell, abnormal	http://purl.obolibrary.org/obo/ZFA_0009077	microglial cell	http://purl.obolibrary.org/obo/ZFA_0000046	retinal neural layer
http://purl.obolibrary.org/obo/ZP_0144306	retinal neural layer has fewer parts of type retinal cone cell, abnormal	http://purl.obolibrary.org/obo/ZFA_0009262	retinal cone cell	http://purl.obolibrary.org/obo/ZFA_0000046	retinal neural layer
http://purl.obolibrary.org/obo/ZP_0006444	retinal neural layer has fewer parts of type retinal rod cell, abnormal	http://purl.obolibrary.org/obo/ZFA_0009275	retinal rod cell	http://purl.obolibrary.org/obo/ZFA_0000046	retinal neural layer
http://purl.obolibrary.org/obo/ZP_0137914	retinal outer nuclear layer has fewer parts of type eye photoreceptor cell, abnormal	http://purl.obolibrary.org/obo/ZFA_0009154	eye photoreceptor cell	http://purl.obolibrary.org/obo/ZFA_0001464	retinal outer nuclear layer
http://purl.obolibrary.org/obo/ZP_0016810	retinal outer nuclear layer has fewer parts of type green sensitive photoreceptor cell, abnormal	http://purl.obolibrary.org/obo/ZFA_0009223	green sensitive photoreceptor cell	http://purl.obolibrary.org/obo/ZFA_0001464	retinal outer nuclear layer
http://purl.obolibrary.org/obo/ZP_0004788	retinal outer nuclear layer has fewer parts of type photoreceptor cell, abnormal	http://purl.obolibrary.org/obo/ZFA_0009127	photoreceptor cell	http://purl.obolibrary.org/obo/ZFA_0001464	retinal outer nuclear layer
http://purl.obolibrary.org/obo/ZP_0016811	retinal outer nuclear layer has fewer parts of type red sensitive photoreceptor cell, abnormal	http://purl.obolibrary.org/obo/ZFA_0009224	red sensitive photoreceptor cell	http://purl.obolibrary.org/obo/ZFA_0001464	retinal outer nuclear layer
http://purl.obolibrary.org/obo/ZP_0018071	retinal outer nuclear layer has fewer parts of type retinal rod cell, abnormal	http://purl.obolibrary.org/obo/ZFA_0009275	retinal rod cell	http://purl.obolibrary.org/obo/ZFA_0001464	retinal outer nuclear layer
http://purl.obolibrary.org/obo/ZP_0138164	retinal photoreceptor layer has fewer parts of type UV sensitive photoreceptor cell, abnormal	http://purl.obolibrary.org/obo/ZFA_0009221	UV sensitive photoreceptor cell	http://purl.obolibrary.org/obo/ZFA_0000143	retinal photoreceptor layer
http://purl.obolibrary.org/obo/ZP_0138165	retinal photoreceptor layer has fewer parts of type blue sensitive photoreceptor cell, abnormal	http://purl.obolibrary.org/obo/ZFA_0009222	blue sensitive photoreceptor cell	http://purl.obolibrary.org/obo/ZFA_0000143	retinal photoreceptor layer
http://purl.obolibrary.org/obo/ZP_0021150	retinal photoreceptor layer has fewer parts of type eye photoreceptor cell, abnormal	http://purl.obolibrary.org/obo/ZFA_0009154	eye photoreceptor cell	http://purl.obolibrary.org/obo/ZFA_0000143	retinal photoreceptor layer
http://purl.obolibrary.org/obo/ZP_0138166	retinal photoreceptor layer has fewer parts of type green sensitive photoreceptor cell, abnormal	http://purl.obolibrary.org/obo/ZFA_0009223	green sensitive photoreceptor cell	http://purl.obolibrary.org/obo/ZFA_0000143	retinal photoreceptor layer
http://purl.obolibrary.org/obo/ZP_0138167	retinal photoreceptor layer has fewer parts of type red sensitive photoreceptor cell, abnormal	http://purl.obolibrary.org/obo/ZFA_0009224	red sensitive photoreceptor cell	http://purl.obolibrary.org/obo/ZFA_0000143	retinal photoreceptor layer
http://purl.obolibrary.org/obo/ZP_0019082	retinal photoreceptor layer has fewer parts of type retinal cone cell, abnormal	http://purl.obolibrary.org/obo/ZFA_0009262	retinal cone cell	http://purl.obolibrary.org/obo/ZFA_0000143	retinal photoreceptor layer
http://purl.obolibrary.org/obo/ZP_0006264	retinal photoreceptor layer has fewer parts of type retinal rod cell, abnormal	http://purl.obolibrary.org/obo/ZFA_0009275	retinal rod cell	http://purl.obolibrary.org/obo/ZFA_0000143	retinal photoreceptor layer
http://purl.obolibrary.org/obo/ZP_0012464	rhombomere 6 has fewer parts of type cranial motor neuron, abnormal	http://purl.obolibrary.org/obo/ZFA_0005730	cranial motor neuron	http://purl.obolibrary.org/obo/ZFA_0000069	rhombomere 6
http://purl.obolibrary.org/obo/ZP_0012465	rhombomere 7 has fewer parts of type cranial motor neuron, abnormal	http://purl.obolibrary.org/obo/ZFA_0005730	cranial motor neuron	http://purl.obolibrary.org/obo/ZFA_0000949	rhombomere 7
http://purl.obolibrary.org/obo/ZP_0004579	somite has fewer parts of type fast muscle cell, abnormal	http://purl.obolibrary.org/obo/ZFA_0009117	fast muscle cell	http://purl.obolibrary.org/obo/ZFA_0000155	somite
http://purl.obolibrary.org/obo/ZP_0004578	somite has fewer parts of type muscle pioneer, abnormal	http://purl.obolibrary.org/obo/ZFA_0001086	muscle pioneer	http://purl.obolibrary.org/obo/ZFA_0000155	somite
http://purl.obolibrary.org/obo/ZP_0005603	somite has fewer parts of type slow muscle cell, abnormal	http://purl.obolibrary.org/obo/ZFA_0009116	slow muscle cell	http://purl.obolibrary.org/obo/ZFA_0000155	somite
http://purl.obolibrary.org/obo/ZP_0007580	spinal cord has fewer parts of type CNS neuron (sensu Vertebrata), abnormal	http://purl.obolibrary.org/obo/ZFA_0009067	CNS neuron (sensu Vertebrata)	http://purl.obolibrary.org/obo/ZFA_0000075	spinal cord
http://purl.obolibrary.org/obo/ZP_0015125	spinal cord has fewer parts of type CiD, abnormal	http://purl.obolibrary.org/obo/ZFA_0005233	CiD	http://purl.obolibrary.org/obo/ZFA_0000075	spinal cord
http://purl.obolibrary.org/obo/ZP_0011304	spinal cord has fewer parts of type Kolmer-Agduhr neuron, abnormal	http://purl.obolibrary.org/obo/ZFA_0005240	Kolmer-Agduhr neuron	http://purl.obolibrary.org/obo/ZFA_0000075	spinal cord
http://purl.obolibrary.org/obo/ZP_0015549	spinal cord has fewer parts of type VeLD, abnormal	http://purl.obolibrary.org/obo/ZFA_0005177	VeLD	http://purl.obolibrary.org/obo/ZFA_0000075	spinal cord
http://purl.obolibrary.org/obo/ZP_0101605	spinal cord has fewer parts of type glutamatergic neuron, abnormal	http://purl.obolibrary.org/obo/ZFA_0009290	glutamatergic neuron	http://purl.obolibrary.org/obo/ZFA_0000075	spinal cord
http://purl.obolibrary.org/obo/ZP_0006939	spinal cord has fewer parts of type motor neuron, abnormal	http://purl.obolibrary.org/obo/ZFA_0009052	motor neuron	http://purl.obolibrary.org/obo/ZFA_0000075	spinal cord
http://purl.obolibrary.org/obo/ZP_0019959	spinal cord has fewer parts of type neuron, abnormal	http://purl.obolibrary.org/obo/ZFA_0009248	neuron	http://purl.obolibrary.org/obo/ZFA_0000075	spinal cord
http://purl.obolibrary.org/obo/ZP_0009848	spinal cord has fewer parts of type oligodendrocyte, abnormal	http://purl.obolibrary.org/obo/ZFA_0009076	oligodendrocyte	http://purl.obolibrary.org/obo/ZFA_0000075	spinal cord
http://purl.obolibrary.org/obo/ZP_0011832	spinal cord has fewer parts of type primary motor neuron, abnormal	http://purl.obolibrary.org/obo/ZFA_0009244	primary motor neuron	http://purl.obolibrary.org/obo/ZFA_0000075	spinal cord
http://purl.obolibrary.org/obo/ZP_0011429	spinal cord has fewer parts of type radial glial cell, abnormal	http://purl.obolibrary.org/obo/ZFA_0009292	radial glial cell	http://purl.obolibrary.org/obo/ZFA_0000075	spinal cord
http://purl.obolibrary.org/obo/ZP_0015713	spinal cord has fewer parts of type sensory neuron, abnormal	http://purl.obolibrary.org/obo/ZFA_0009053	sensory neuron	http://purl.obolibrary.org/obo/ZFA_0000075	spinal cord
http://purl.obolibrary.org/obo/ZP_0011303	spinal cord has fewer parts of type spinal cord interneuron, abnormal	http://purl.obolibrary.org/obo/ZFA_0000778	spinal cord interneuron	http://purl.obolibrary.org/obo/ZFA_0000075	spinal cord
http://purl.obolibrary.org/obo/ZP_0142419	statoacoustic (VIII) ganglion has fewer parts of type neuroblast (sensu Vertebrata), abnormal	http://purl.obolibrary.org/obo/ZFA_0009168	neuroblast (sensu Vertebrata)	http://purl.obolibrary.org/obo/ZFA_0000588	statoacoustic (VIII) ganglion
http://purl.obolibrary.org/obo/ZP_0000855	statoacoustic (VIII) ganglion has fewer parts of type neuroblast, abnormal	http://purl.obolibrary.org/obo/ZFA_0009011	neuroblast	http://purl.obolibrary.org/obo/ZFA_0000588	statoacoustic (VIII) ganglion
http://purl.obolibrary.org/obo/ZP_0140441	statoacoustic (VIII) ganglion has fewer parts of type neuron, abnormal	http://purl.obolibrary.org/obo/ZFA_0009248	neuron	http://purl.obolibrary.org/obo/ZFA_0000588	statoacoustic (VIII) ganglion
http://purl.obolibrary.org/obo/ZP_0145133	sternohyoid has fewer parts of type skeletal muscle cell, abnormal	http://purl.obolibrary.org/obo/ZFA_0009115	skeletal muscle cell	http://purl.obolibrary.org/obo/ZFA_0001651	sternohyoid
http://purl.obolibrary.org/obo/ZP_0008089	sympathetic nervous system has fewer parts of type norepinephrine secreting cell, abnormal	http://purl.obolibrary.org/obo/ZFA_0009214	norepinephrine secreting cell	http://purl.obolibrary.org/obo/ZFA_0001576	sympathetic nervous system
http://purl.obolibrary.org/obo/ZP_0105866	telencephalon has fewer parts of type dopaminergic neuron, abnormal	http://purl.obolibrary.org/obo/ZFA_0009301	dopaminergic neuron	http://purl.obolibrary.org/obo/ZFA_0000079	telencephalon
http://purl.obolibrary.org/obo/ZP_0147526	telencephalon has fewer parts of type neuron, abnormal	http://purl.obolibrary.org/obo/ZFA_0009248	neuron	http://purl.obolibrary.org/obo/ZFA_0000079	telencephalon
http://purl.obolibrary.org/obo/ZP_0106161	testis has fewer parts of type sperm, abnormal	http://purl.obolibrary.org/obo/ZFA_0009006	sperm	http://purl.obolibrary.org/obo/ZFA_0000598	testis
http://purl.obolibrary.org/obo/ZP_0008204	testis has fewer parts of type spermatocyte, abnormal	http://purl.obolibrary.org/obo/ZFA_0009005	spermatocyte	http://purl.obolibrary.org/obo/ZFA_0000598	testis
http://purl.obolibrary.org/obo/ZP_0012223	thoracic duct has fewer parts of type endothelial cell, abnormal	http://purl.obolibrary.org/obo/ZFA_0009065	endothelial cell	http://purl.obolibrary.org/obo/ZFA_0005110	thoracic duct
http://purl.obolibrary.org/obo/ZP_0012497	thymic epithelium has fewer parts of type epithelial cell, abnormal	http://purl.obolibrary.org/obo/ZFA_0009034	epithelial cell	http://purl.obolibrary.org/obo/ZFA_0005779	thymic epithelium
http://purl.obolibrary.org/obo/ZP_0012495	thymus has fewer parts of type T cell, abnormal	http://purl.obolibrary.org/obo/ZFA_0009046	T cell	http://purl.obolibrary.org/obo/ZFA_0001078	thymus
http://purl.obolibrary.org/obo/ZP_0009736	thymus has fewer parts of type lymphocyte, abnormal	http://purl.obolibrary.org/obo/ZFA_0009250	lymphocyte	http://purl.obolibrary.org/obo/ZFA_0001078	thymus
http://purl.obolibrary.org/obo/ZP_0008996	thymus has fewer parts of type pro-T cell, abnormal	http://purl.obolibrary.org/obo/ZFA_0009350	pro-T cell	http://purl.obolibrary.org/obo/ZFA_0001078	thymus
http://purl.obolibrary.org/obo/ZP_0103874	thymus primordium has fewer parts of type lymphocyte, abnormal	http://purl.obolibrary.org/obo/ZFA_0009250	lymphocyte	http://purl.obolibrary.org/obo/ZFA_0001077	thymus primordium
http://purl.obolibrary.org/obo/ZP_0144139	trabecular layer of ventricle has fewer parts of type cardiac muscle cell, abnormal	http://purl.obolibrary.org/obo/ZFA_0009316	cardiac muscle cell	http://purl.obolibrary.org/obo/ZFA_0005060	trabecular layer of ventricle
http://purl.obolibrary.org/obo/ZP_0018105	trigeminal ganglion has fewer parts of type motor neuron, abnormal	http://purl.obolibrary.org/obo/ZFA_0009052	motor neuron	http://purl.obolibrary.org/obo/ZFA_0000295	trigeminal ganglion
http://purl.obolibrary.org/obo/ZP_0002622	trigeminal ganglion has fewer parts of type sensory neuron, abnormal	http://purl.obolibrary.org/obo/ZFA_0009053	sensory neuron	http://purl.obolibrary.org/obo/ZFA_0000295	trigeminal ganglion
http://purl.obolibrary.org/obo/ZP_0010428	trochlear motor nucleus has fewer parts of type neuron, abnormal	http://purl.obolibrary.org/obo/ZFA_0009248	neuron	http://purl.obolibrary.org/obo/ZFA_0000450	trochlear motor nucleus
http://purl.obolibrary.org/obo/ZP_0002364	trunk has fewer parts of type iridophore, abnormal	http://purl.obolibrary.org/obo/ZFA_0009199	iridophore	http://purl.obolibrary.org/obo/ZFA_0001115	trunk
http://purl.obolibrary.org/obo/ZP_0102404	trunk has fewer parts of type macrophage, abnormal	http://purl.obolibrary.org/obo/ZFA_0009141	macrophage	http://purl.obolibrary.org/obo/ZFA_0001115	trunk
http://purl.obolibrary.org/obo/ZP_0000806	trunk has fewer parts of type melanoblast, abnormal	http://purl.obolibrary.org/obo/ZFA_0009249	melanoblast	http://purl.obolibrary.org/obo/ZFA_0001115	trunk
http://purl.obolibrary.org/obo/ZP_0002363	trunk has fewer parts of type melanocyte, abnormal	http://purl.obolibrary.org/obo/ZFA_0009091	melanocyte	http://purl.obolibrary.org/obo/ZFA_0001115	trunk
http://purl.obolibrary.org/obo/ZP_0011695	trunk has fewer parts of type melanophore stripe, abnormal	http://purl.obolibrary.org/obo/ZFA_0001463	melanophore stripe	http://purl.obolibrary.org/obo/ZFA_0001115	trunk
http://purl.obolibrary.org/obo/ZP_0005352	trunk has fewer parts of type myotome, abnormal	http://purl.obolibrary.org/obo/ZFA_0001056	myotome	http://purl.obolibrary.org/obo/ZFA_0001115	trunk
http://purl.obolibrary.org/obo/ZP_0003579	trunk has fewer parts of type somite, abnormal	http://purl.obolibrary.org/obo/ZFA_0000155	somite	http://purl.obolibrary.org/obo/ZFA_0001115	trunk
http://purl.obolibrary.org/obo/ZP_0139856	trunk has fewer parts of type vascular lymphangioblast, abnormal	http://purl.obolibrary.org/obo/ZFA_0009395	vascular lymphangioblast	http://purl.obolibrary.org/obo/ZFA_0001115	trunk
http://purl.obolibrary.org/obo/ZP_0000805	trunk has fewer parts of type xanthoblast, abnormal	http://purl.obolibrary.org/obo/ZFA_0005245	xanthoblast	http://purl.obolibrary.org/obo/ZFA_0001115	trunk
http://purl.obolibrary.org/obo/ZP_0100368	utricle has fewer parts of type lapillus, abnormal	http://purl.obolibrary.org/obo/ZFA_0000530	lapillus	http://purl.obolibrary.org/obo/ZFA_0000700	utricle
http://purl.obolibrary.org/obo/ZP_0018107	vagal ganglion has fewer parts of type motor neuron, abnormal	http://purl.obolibrary.org/obo/ZFA_0009052	motor neuron	http://purl.obolibrary.org/obo/ZFA_0007067	vagal ganglion
http://purl.obolibrary.org/obo/ZP_0007276	ventral aorta has fewer parts of type vascular associated smooth muscle cell, abnormal	http://purl.obolibrary.org/obo/ZFA_0009181	vascular associated smooth muscle cell	http://purl.obolibrary.org/obo/ZFA_0000604	ventral aorta
http://purl.obolibrary.org/obo/ZP_0013973	ventral fin fold has fewer parts of type fin fold actinotrichium, abnormal	http://purl.obolibrary.org/obo/ZFA_0000089	fin fold actinotrichium	http://purl.obolibrary.org/obo/ZFA_0001069	ventral fin fold
http://purl.obolibrary.org/obo/ZP_0003309	ventral larval melanophore stripe has fewer parts of type melanocyte, abnormal	http://purl.obolibrary.org/obo/ZFA_0009091	melanocyte	http://purl.obolibrary.org/obo/ZFA_0005222	ventral larval melanophore stripe
http://purl.obolibrary.org/obo/ZP_0006681	ventral thalamus has fewer parts of type dopaminergic neuron, abnormal	http://purl.obolibrary.org/obo/ZFA_0009301	dopaminergic neuron	http://purl.obolibrary.org/obo/ZFA_0000458	ventral thalamus
http://purl.obolibrary.org/obo/ZP_0100042	ventral wall of dorsal aorta has fewer parts of type hematopoietic multipotent progenitor cell, abnormal	http://purl.obolibrary.org/obo/ZFA_0009354	hematopoietic multipotent progenitor cell	http://purl.obolibrary.org/obo/ZFA_0005028	ventral wall of dorsal aorta
http://purl.obolibrary.org/obo/ZP_0011344	ventral wall of dorsal aorta has fewer parts of type hematopoietic stem cell, abnormal	http://purl.obolibrary.org/obo/ZFA_0009014	hematopoietic stem cell	http://purl.obolibrary.org/obo/ZFA_0005028	ventral wall of dorsal aorta
http://purl.obolibrary.org/obo/ZP_0016152	ventral wall of dorsal aorta has fewer parts of type nucleate erythrocyte, abnormal	http://purl.obolibrary.org/obo/ZFA_0009256	nucleate erythrocyte	http://purl.obolibrary.org/obo/ZFA_0005028	ventral wall of dorsal aorta
http://purl.obolibrary.org/obo/ZP_0008904	vertebra has fewer parts of type hemal spine, abnormal	http://purl.obolibrary.org/obo/ZFA_0001364	hemal spine	http://purl.obolibrary.org/obo/ZFA_0001189	vertebra
http://purl.obolibrary.org/obo/ZP_0008903	vertebra has fewer parts of type neural spine, abnormal	http://purl.obolibrary.org/obo/ZFA_0001336	neural spine	http://purl.obolibrary.org/obo/ZFA_0001189	vertebra
http://purl.obolibrary.org/obo/ZP_0005355	vertebral column has fewer parts of type vertebra, abnormal	http://purl.obolibrary.org/obo/ZFA_0001189	vertebra	http://purl.obolibrary.org/obo/ZFA_0001559	vertebral column
http://purl.obolibrary.org/obo/ZP_0012735	whole organism has fewer parts of type cell, abnormal	http://purl.obolibrary.org/obo/ZFA_0009000	cell	http://purl.obolibrary.org/obo/ZFA_0001094	whole organism
http://purl.obolibrary.org/obo/ZP_0106484	whole organism has fewer parts of type ceratobranchial 5 tooth, abnormal	http://purl.obolibrary.org/obo/ZFA_0000694	ceratobranchial 5 tooth	http://purl.obolibrary.org/obo/ZFA_0001094	whole organism
http://purl.obolibrary.org/obo/ZP_0141076	whole organism has fewer parts of type ceratobranchial cartilage, abnormal	http://purl.obolibrary.org/obo/ZFA_0001516	ceratobranchial cartilage	http://purl.obolibrary.org/obo/ZFA_0001094	whole organism
http://purl.obolibrary.org/obo/ZP_0019322	whole organism has fewer parts of type eye, abnormal	http://purl.obolibrary.org/obo/ZFA_0000107	eye	http://purl.obolibrary.org/obo/ZFA_0001094	whole organism
http://purl.obolibrary.org/obo/ZP_0103220	whole organism has fewer parts of type forerunner cell group, abnormal	http://purl.obolibrary.org/obo/ZFA_0000023	forerunner cell group	http://purl.obolibrary.org/obo/ZFA_0001094	whole organism
http://purl.obolibrary.org/obo/ZP_0017494	whole organism has fewer parts of type hematopoietic stem cell, abnormal	http://purl.obolibrary.org/obo/ZFA_0009014	hematopoietic stem cell	http://purl.obolibrary.org/obo/ZFA_0001094	whole organism
http://purl.obolibrary.org/obo/ZP_0007345	whole organism has fewer parts of type intersegmental vessel, abnormal	http://purl.obolibrary.org/obo/ZFA_0001285	intersegmental vessel	http://purl.obolibrary.org/obo/ZFA_0001094	whole organism
http://purl.obolibrary.org/obo/ZP_0104473	whole organism has fewer parts of type iridophore, abnormal	http://purl.obolibrary.org/obo/ZFA_0009199	iridophore	http://purl.obolibrary.org/obo/ZFA_0001094	whole organism
http://purl.obolibrary.org/obo/ZP_0016855	whole organism has fewer parts of type macrophage, abnormal	http://purl.obolibrary.org/obo/ZFA_0009141	macrophage	http://purl.obolibrary.org/obo/ZFA_0001094	whole organism
http://purl.obolibrary.org/obo/ZP_0011368	whole organism has fewer parts of type melanocyte, abnormal	http://purl.obolibrary.org/obo/ZFA_0009091	melanocyte	http://purl.obolibrary.org/obo/ZFA_0001094	whole organism
http://purl.obolibrary.org/obo/ZP_0018940	whole organism has fewer parts of type neural crest cell, abnormal	http://purl.obolibrary.org/obo/ZFA_0009165	neural crest cell	http://purl.obolibrary.org/obo/ZFA_0001094	whole organism
http://purl.obolibrary.org/obo/ZP_0017860	whole organism has fewer parts of type neutrophil, abnormal	http://purl.obolibrary.org/obo/ZFA_0009327	neutrophil	http://purl.obolibrary.org/obo/ZFA_0001094	whole organism
http://purl.obolibrary.org/obo/ZP_0010479	whole organism has fewer parts of type nucleate erythrocyte, abnormal	http://purl.obolibrary.org/obo/ZFA_0009256	nucleate erythrocyte	http://purl.obolibrary.org/obo/ZFA_0001094	whole organism
http://purl.obolibrary.org/obo/ZP_0106491	whole organism has fewer parts of type opercle, abnormal	http://purl.obolibrary.org/obo/ZFA_0000250	opercle	http://purl.obolibrary.org/obo/ZFA_0001094	whole organism
http://purl.obolibrary.org/obo/ZP_0104074	whole organism has fewer parts of type pectoral fin, abnormal	http://purl.obolibrary.org/obo/ZFA_0001161	pectoral fin	http://purl.obolibrary.org/obo/ZFA_0001094	whole organism
http://purl.obolibrary.org/obo/ZP_0003291	whole organism has fewer parts of type pharyngeal pouch, abnormal	http://purl.obolibrary.org/obo/ZFA_0001106	pharyngeal pouch	http://purl.obolibrary.org/obo/ZFA_0001094	whole organism
http://purl.obolibrary.org/obo/ZP_0106139	whole organism has fewer parts of type posterior lateral line neuromast, abnormal	http://purl.obolibrary.org/obo/ZFA_0000940	posterior lateral line neuromast	http://purl.obolibrary.org/obo/ZFA_0001094	whole organism
http://purl.obolibrary.org/obo/ZP_0018180	whole organism has fewer parts of type somite, abnormal	http://purl.obolibrary.org/obo/ZFA_0000155	somite	http://purl.obolibrary.org/obo/ZFA_0001094	whole organism
http://purl.obolibrary.org/obo/ZP_0022206	whole organism has fewer parts of type swim bladder, abnormal	http://purl.obolibrary.org/obo/ZFA_0000076	swim bladder	http://purl.obolibrary.org/obo/ZFA_0001094	whole organism
http://purl.obolibrary.org/obo/ZP_0020920	whole organism has fewer parts of type thyroid follicle, abnormal	http://purl.obolibrary.org/obo/ZFA_0001072	thyroid follicle	http://purl.obolibrary.org/obo/ZFA_0001094	whole organism
http://purl.obolibrary.org/obo/ZP_0022491	whole organism has fewer parts of type xanthoblast, abnormal	http://purl.obolibrary.org/obo/ZFA_0005245	xanthoblast	http://purl.obolibrary.org/obo/ZFA_0001094	whole organism
http://purl.obolibrary.org/obo/ZP_0011370	whole organism has fewer parts of type xanthophore, abnormal	http://purl.obolibrary.org/obo/ZFA_0009198	xanthophore	http://purl.obolibrary.org/obo/ZFA_0001094	whole organism
http://purl.obolibrary.org/obo/ZP_0016269	yolk larval melanophore stripe has fewer parts of type iridophore, abnormal	http://purl.obolibrary.org/obo/ZFA_0009199	iridophore	http://purl.obolibrary.org/obo/ZFA_0005224	yolk larval melanophore stripe
