orcid,github
https://orcid.org/0000-0003-4606-0597,sbello
https://orcid.org/0000-0002-9900-7880,ybradford
https://orcid.org/0000-0001-5472-917X,srengel
https://orcid.org/0000-0001-9076-6015,chris-grove
https://orcid.org/0000-0002-9611-1279,seger
https://orcid.org/0000-0002-3528-5267,srobb1
https://orcid.org/0000-0002-7356-1779,matentzn
https://orcid.org/0000-0001-5208-3432,nicolevasilevsky
https://orcid.org/0000-0002-1373-1705,Clare72
https://orcid.org/0000-0002-7073-9172,dosumis
https://orcid.org/0000-0001-7941-2961,LCCarmody
https://orcid.org/0000-0002-4532-2703,pfey03
https://orcid.org/0000-0003-4148-4606,mah11
https://orcid.org/0000-0002-0643-3144,simonjupp
https://orcid.org/0000-0002-8688-6599,balhoff
https://orcid.org/0000-0002-6379-8932,cooperl09
https://orcid.org/0000-0002-8461-9745,marieALaporte
https://orcid.org/0000-0002-5316-1399,drseb